"Factor","Species","Method","Data accession","Pubmed ID","Binding sites"
"AGO1","Human","PAR-CLIP","GSE21578;GSM545212","20371350","AGO1"
"AGO1","Human","PAR-CLIP","GSE43573;GSM1065667","23446348","AGO1"
"AGO1","Human","PAR-CLIP","GSE43573;GSM1065668","23446348","AGO1"
"AGO1","Human","PAR-CLIP","GSE43573;GSM1065669","23446348","AGO1"
"AGO2","Human","PAR-CLIP","GSE21578;GSM545213","20371350","AGO2"
"AGO2","Human","HITS-CLIP","GSE28865;GSM714642","21572407","AGO2"
"AGO2","Human","HITS-CLIP","GSE28865;GSM714643","21572407","AGO2"
"AGO2","Human","PAR-CLIP","GSE28865;GSM714644","21572407","AGO2"
"AGO2","Human","PAR-CLIP","GSE28865;GSM714645","21572407","AGO2"
"AGO2","Human","PAR-CLIP","GSE28865;GSM714646","21572407","AGO2"
"AGO2","Human","PAR-CLIP","GSE28865;GSM714647","21572407","AGO2"
"AGO2","Human","PAR-CLIP","GSE32113;GSM796037","22100165","AGO2"
"AGO2","Human","PAR-CLIP","GSE32113;GSM796038","22100165","AGO2"
"AGO2","Human","PAR-CLIP","GSE32113;GSM796039","22100165","AGO2"
"AGO2","Human","PAR-CLIP","GSE32113;GSM796040","22100165","AGO2"
"AGO2","Human","HITS-CLIP","GSE41357;GSM1015450","22927820","AGO2"
"AGO2","Human","HITS-CLIP","GSE41357;GSM1015451","22927820","AGO2"
"AGO2","Human","HITS-CLIP","GSE41357;GSM1015452","22927820","AGO2"
"AGO2","Human","HITS-CLIP","GSE41357;GSM1015453","22927820","AGO2"
"AGO2","Human","HITS-CLIP","GSE41357;GSM1015454","22927820","AGO2"
"AGO2","Human","PAR-CLIP","GSE41437;GSM1020021","22291592","AGO2"
"AGO2","Human","PAR-CLIP","GSE41437;GSM1020022","22291592","AGO2"
"AGO2","Human","PAR-CLIP","GSE41437;GSM1020023","22291592","AGO2"
"AGO2","Human","PAR-CLIP","GSE41437;GSM1020024","22291592","AGO2"
"AGO2","Human","PAR-CLIP","GSE41437;GSM1020025","22291592","AGO2"
"AGO2","Human","HITS-CLIP","GSE42701;GSM1048187","23313552","AGO2"
"AGO2","Human","HITS-CLIP","GSE42701;GSM1048188","23313552","AGO2"
"AGO2","Human","PAR-CLIP","GSE43573;GSM1065670","23446348","AGO2"
"AGO2","Human","PAR-CLIP","GSE43666;GSM1067869","21572407","AGO2"
"AGO2","Human","PAR-CLIP","GSE43666;GSM1067870","21572407","AGO2"
"AGO2","Human","HITS-CLIP","GSE44404;GSM1084040","23824327","AGO2"
"AGO2","Human","HITS-CLIP","GSE44404;GSM1084041","23824327","AGO2"
"AGO2","Human","HITS-CLIP","GSE44404;GSM1084042","23824327","AGO2"
"AGO2","Human","HITS-CLIP","GSE44404;GSM1084043","23824327","AGO2"
"AGO2","Human","HITS-CLIP","GSE44404;GSM1084044","23824327","AGO2"
"AGO2","Human","HITS-CLIP","GSE44404;GSM1084045","23824327","AGO2"
"AGO2","Human","HITS-CLIP","GSE44404;GSM1084046","23824327","AGO2"
"AGO2","Human","HITS-CLIP","GSE44404;GSM1084047","23824327","AGO2"
"AGO2","Human","HITS-CLIP","GSE44404;GSM1084064","23824327","AGO2"
"AGO2","Human","HITS-CLIP","GSE44404;GSM1084065","23824327","AGO2"
"AGO2","Human","HITS-CLIP","GSE44404;GSM1084066","23824327","AGO2"
"AGO2","Human","HITS-CLIP","GSE44404;GSM1084067","23824327","AGO2"
"AGO2","Human","HITS-CLIP","GSE44404;GSM1084068","23824327","AGO2"
"AGO2","Human","HITS-CLIP","GSE44404;GSM1084069","23824327","AGO2"
"AGO2","Human","HITS-CLIP","GSE44404;GSM1084072","23824327","AGO2"
"AGO2","Human","HITS-CLIP","GSE44404;GSM1084073","23824327","AGO2"
"AGO2","Human","HITS-CLIP","GSE44404;GSM1084074","23824327","AGO2"
"AGO2","Human","HITS-CLIP","GSE44404;GSM1084075","23824327","AGO2"
"AGO2","Human","HITS-CLIP","GSE44404;GSM1084076","23824327","AGO2"
"AGO2","Human","HITS-CLIP","GSE44404;GSM1084077","23824327","AGO2"
"AGO2","Human","HITS-CLIP","GSE44404;GSM1084078","23824327","AGO2"
"AGO2","Human","HITS-CLIP","GSE44404;GSM1084079","23824327","AGO2"
"AGO2","Human","HITS-CLIP","GSE44404;GSM1084080","23824327","AGO2"
"AGO2","Human","HITS-CLIP","GSE44404;GSM1084081","23824327","AGO2"
"AGO2","Human","HITS-CLIP","GSE44404;GSM1084082","23824327","AGO2"
"AGO2","Human","HITS-CLIP","GSE44404;GSM1084083","23824327","AGO2"
"AGO2","Human","PAR-CLIP","GSE46611;GSM1133252","22291592","AGO2"
"AGO2","Mouse","HITS-CLIP","E-MTAB-1612;ERR266279","23597149","AGO2"
"AGO2","Mouse","HITS-CLIP","E-MTAB-1612;ERR266280","23597149","AGO2"
"AGO2","Mouse","HITS-CLIP","E-MTAB-1612;ERR266281","23597149","AGO2"
"AGO2","Mouse","HITS-CLIP","E-MTAB-1612;ERR266282","23597149","AGO2"
"AGO2","Mouse","HITS-CLIP","E-MTAB-1612;ERR266283","23597149","AGO2"
"AGO2","Mouse","HITS-CLIP","E-MTAB-1612;ERR266284","23597149","AGO2"
"AGO2","Mouse","HITS-CLIP","E-MTAB-1612;ERR266285","23597149","AGO2"
"AGO2","Mouse","HITS-CLIP","E-MTAB-1612;ERR266286","23597149","AGO2"
"AGO2","Mouse","HITS-CLIP","E-MTAB-1612;ERR266287","23597149","AGO2"
"AGO2","Mouse","HITS-CLIP","E-MTAB-1612;ERR266288","23597149","AGO2"
"AGO2","Mouse","HITS-CLIP","E-MTAB-1612;ERR266289","23597149","AGO2"
"AGO2","Mouse","HITS-CLIP","E-MTAB-1612;ERR266290","23597149","AGO2"
"AGO2","Mouse","HITS-CLIP","E-MTAB-1612;ERR266291","23597149","AGO2"
"AGO2","Mouse","HITS-CLIP","E-MTAB-1612;ERR266292","23597149","AGO2"
"AGO2","Mouse","HITS-CLIP","E-MTAB-1612;ERR266293","23597149","AGO2"
"AGO2","Mouse","HITS-CLIP","E-MTAB-1612;ERR266294","23597149","AGO2"
"AGO2","Mouse","HITS-CLIP","E-MTAB-1612;ERR266295","23597149","AGO2"
"AGO2","Mouse","HITS-CLIP","E-MTAB-1612;ERR266296","23597149","AGO2"
"AGO2","Mouse","HITS-CLIP","E-MTAB-1612;ERR266297","23597149","AGO2"
"AGO2","Mouse","HITS-CLIP","E-MTAB-1612;ERR266298","23597149","AGO2"
"AGO2","Mouse","HITS-CLIP","E-MTAB-1612;ERR266299","23597149","AGO2"
"AGO2","Mouse","HITS-CLIP","E-MTAB-1612;ERR266300","23597149","AGO2"
"AGO2","Mouse","HITS-CLIP","E-MTAB-1612;ERR266301","23597149","AGO2"
"AGO2","Mouse","HITS-CLIP","E-MTAB-1612;ERR266302","23597149","AGO2"
"AGO2","Mouse","HITS-CLIP","GSE25310;GSM622570","21258322","AGO2"
"AGO2","Mouse","HITS-CLIP","GSE25310;GSM622571","21258322","AGO2"
"AGO2","Mouse","HITS-CLIP","GSE25310;GSM622572","21258322","AGO2"
"AGO2","Mouse","HITS-CLIP","GSE41285;GSM1013575","23142080","AGO2"
"AGO2","Mouse","HITS-CLIP","GSE41285;GSM1013576","23142080","AGO2"
"AGO2","Mouse","HITS-CLIP","GSE41285;GSM1013577","23142080","AGO2"
"AGO2","Mouse","HITS-CLIP","GSE41285;GSM1013578","23142080","AGO2"
"AGO2","Mouse","HITS-CLIP","GSE41285;GSM1013579","23142080","AGO2"
"AGO2","Mouse","HITS-CLIP","GSE41285;GSM1013580","23142080","AGO2"
"AGO2","Mouse","HITS-CLIP","GSE41285;GSM1013581","23142080","AGO2"
"AGO2","Mouse","HITS-CLIP","GSE41285;GSM1013582","23142080","AGO2"
"AGO2","Mouse","HITS-CLIP","GSE41285;GSM1013583","23142080","AGO2"
"AGO2","Mouse","HITS-CLIP","GSE41285;GSM1013584","23142080","AGO2"
"AGO2","Mouse","HITS-CLIP","GSE41285;GSM1013585","23142080","AGO2"
"AGO2","Mouse","HITS-CLIP","GSE41285;GSM1013586","23142080","AGO2"
"AGO2","Mouse","HITS-CLIP","GSE41285;GSM1013587","23142080","AGO2"
"AGO2","Mouse","HITS-CLIP","GSE41285;GSM1013588","23142080","AGO2"
"AGO2","Mouse","HITS-CLIP","GSE41285;GSM1013589","23142080","AGO2"
"AGO2","Mouse","HITS-CLIP","GSE41285;GSM1013590","23142080","AGO2"
"AGO2","Mouse","HITS-CLIP","GSE41285;GSM1013591","23142080","AGO2"
"AGO2","Mouse","HITS-CLIP","GSE41285;GSM1013592","23142080","AGO2"
"AGO2","Mouse","HITS-CLIP","GSE41285;GSM1013593","23142080","AGO2"
"AGO2","Mouse","HITS-CLIP","GSE41285;GSM1013594","23142080","AGO2"
"AGO2","Mouse","HITS-CLIP","GSE41285;GSM1013595","23142080","AGO2"
"AGO2","Mouse","HITS-CLIP","GSE41285;GSM1013596","23142080","AGO2"
"AGO2","Mouse","HITS-CLIP","GSE41285;GSM1013597","23142080","AGO2"
"AGO2","Mouse","HITS-CLIP","GSE41285;GSM1013598","23142080","AGO2"
"AGO2","Mouse","HITS-CLIP","NA","19536157","AGO2"
"AGO2","Worm","HITS-CLIP","NA","20062054","AGO2"
"AGO2","Worm","PAR-CLIP","GSE56180;GSM1359318","24857550","AGO2"
"AGO2","Worm","PAR-CLIP","GSE56180;GSM1359319,GSM1359320","24857550","AGO2"
"AGO2","Worm","PAR-CLIP","GSE56180;GSM1359322","24857550","AGO2"
"AGO2","Worm","PAR-CLIP","GSE56180;GSM1359323","24857550","AGO2"
"AGO3","Human","PAR-CLIP","GSE21578;GSM545214","20371350","AGO3"
"AGO4","Human","PAR-CLIP","GSE21578;GSM545215","20371350","AGO4"
"ALKBH5","Human","PAR-CLIP","GSE38201;GSM936506","22681889","ALKBH5"
"ATXN2","Human","PAR-CLIP","DRA001158;DRS012388","24954906","ATXN2"
"ATXN2","Human","PAR-CLIP","DRA001158;DRS012388","24954906","ATXN2"
"ATXN2","Human","PAR-CLIP","DRA001158;DRS012389","24954906","ATXN2"
"ATXN2","Human","PAR-CLIP","DRA001158;DRS012390","24954906","ATXN2"
"ATXN2","Human","PAR-CLIP","DRA001158;DRS012391","24954906","ATXN2"
"Aub","Fly","iCLIP","GSE70778;GSM1818083","26257181","Aub"
"Aub","Fly","iCLIP","GSE70778;GSM1818084","26257181","Aub"
"Aub","Fly","iCLIP","GSE70778;GSM1818085","26257181","Aub"
"C17orf85","Human","PAR-CLIP","GSE38201;GSM936507","22681889","C17orf85"
"CAPRIN1","Human","PAR-CLIP","GSE38201;GSM936509","22681889","CAPRIN1"
"Cbc2","Yeast","PAR-CLIP","GSE59676;GSM1442538","25192364","Cbc2"
"CELF1","Mouse","HITS-CLIP","E-MTAB-414;ERR039244,ERR039245,ERR039247,ERR039249","22355723","CELF1"
"CELF1","Mouse","HITS-CLIP","E-MTAB-414;ERR039246,ERR039248","22355723","CELF1"
"CELF4","Mouse","iCLIP","E-MTAB-1162;ERR136731","23209433","CELF4"
"CELF4","Mouse","iCLIP","E-MTAB-1162;ERR136732","23209433","CELF4"
"CELF4","Mouse","iCLIP","E-MTAB-1162;ERR136733","23209433","CELF4"
"CELF4","Mouse","iCLIP","E-MTAB-1162;ERR136734","23209433","CELF4"
"Cft2","Yeast","PAR-CLIP","GSE59676;GSM1442539","25192364","Cft2"
"CG3800","Fly","PAR-CLIP","GSE78237;GSM2070058","27197210","CG3800"
"CG3800","Fly","PAR-CLIP","GSE78237;GSM2070059","27197210","CG3800"
"CG3800","Fly","PAR-CLIP","GSE78237;GSM2070060","27197210","CG3800"
"CG3800","Fly","PAR-CLIP","GSE78237;GSM2070061","27197210","CG3800"
"CIRBP","Mouse","HITS-CLIP","GSE37685;GSM925601","22923437","CIRBP"
"CIRBP","Mouse","HITS-CLIP","GSE37685;GSM925602","22923437","CIRBP"
"CIRBP","Mouse","PAR-CLIP","GSE40468;GSM994702","23792593","CIRBP"
"CPSF1","Human","PAR-CLIP","GSE37401;GSM917672","22813749","CPSF1"
"CPSF1","Human","PAR-CLIP","GSE37401;GSM917673","22813749","CPSF1"
"CPSF2","Human","PAR-CLIP","GSE37401;GSM917670","22813749","CPSF2"
"CPSF2","Human","PAR-CLIP","GSE37401;GSM917671","22813749","CPSF2"
"CPSF3","Human","PAR-CLIP","GSE37401;GSM917668","22813749","CPSF3"
"CPSF3","Human","PAR-CLIP","GSE37401;GSM917669","22813749","CPSF3"
"CPSF4","Human","PAR-CLIP","GSE37401;GSM917666","22813749","CPSF4"
"CPSF4","Human","PAR-CLIP","GSE37401;GSM917667","22813749","CPSF4"
"CPSF6","Human","PAR-CLIP","GSE37401;GSM917664","22813749","CPSF6"
"CPSF6","Human","PAR-CLIP","GSE37401;GSM917665","22813749","CPSF6"
"CPSF7","Human","PAR-CLIP","GSE37401;GSM917663","22813749","CPSF7"
"CSTF2","Human","PAR-CLIP","GSE37401;GSM917676","22813749","CSTF2"
"CSTF2","Human","iCLIP","GSE40859;GSM1003587","23112178","CSTF2"
"CSTF2","Human","iCLIP","GSE40859;GSM1003588","23112178","CSTF2"
"CSTF2","Human","iCLIP","GSE40859;GSM1003589","23112178","CSTF2"
"CSTF2T","Human","PAR-CLIP","GSE37401;GSM917677","22813749","CSTF2T"
"CSTF2T","Human","PAR-CLIP","GSE37401;GSM917678","22813749","CSTF2T"
"DGCR8","Human","HITS-CLIP","GSE39086;GSM955510","22796965","DGCR8"
"DGCR8","Human","HITS-CLIP","GSE39086;GSM955511","22796965","DGCR8"
"DGCR8","Human","HITS-CLIP","GSE39086;GSM955512","22796965","DGCR8"
"DGCR8","Human","HITS-CLIP","GSE39086;GSM955513","22796965","DGCR8"
"DHH1","Yeast","HITS-CLIP","GSE46142;GSM1124958","23222640","DHH1"
"DHH1","Yeast","HITS-CLIP","GSE46142;GSM1124959","23222640","DHH1"
"EIF4A3","Human","HITS-CLIP","GSE40778;GSM1001330","23085716","EIF4A3"
"EIF4A3","Human","HITS-CLIP","GSE40778;GSM1001331","23085716","EIF4A3"
"ELAVL1","Human","HITS-CLIP","GSE28865;GSM714635","21572407","ELAVL1"
"ELAVL1","Human","HITS-CLIP","GSE28865;GSM714636","21572407","ELAVL1"
"ELAVL1","Human","PAR-CLIP","GSE28865;GSM714637","21572407","ELAVL1"
"ELAVL1","Human","PAR-CLIP","GSE28865;GSM714638","21572407","ELAVL1"
"ELAVL1","Human","PAR-CLIP","GSE28865;GSM714639","21572407","ELAVL1"
"ELAVL1","Human","PAR-CLIP","GSE28865;GSM714640","21572407","ELAVL1"
"ELAVL1","Human","PAR-CLIP","GSE28865;GSM714641","21572407","ELAVL1"
"ELAVL1","Human","PAR-CLIP","GSE29780;GSM738185","21723170","ELAVL1"
"ELAVL1","Human","PAR-CLIP","GSE29943;GSM741173","21723171","ELAVL1"
"ELAVL1","Human","PAR-CLIP","GSE29943;GSM741174","21723171","ELAVL1"
"ELAVL1","Human","PAR-CLIP","GSE29943;GSM741175","21723171","ELAVL1"
"ELAVL1","Human","PAR-CLIP","GSE50989;GSM1234283","24393468","ELAVL1"
"ELAVL1","Human","PAR-CLIP","GSE50989;GSM1234284","24393468","ELAVL1"
"ELAVL1","Mouse","HITS-CLIP","GSE45148;GSM1098058","21784246","ELAVL1"
"ELAVL1","Mouse","HITS-CLIP","GSE45148;GSM1098059","21784246","ELAVL1"
"EWSR1","Human","HITS-CLIP","GSE48065;GSM1167163","24813895","EWSR1"
"EWSR1","Human","HITS-CLIP","GSE48065;GSM1167164","24813895","EWSR1"
"EWSR1","Human","PAR-CLIP","SRX029343;SRX029343","22081015","EWSR1"
"EWSR1","Human","PAR-CLIP","SRX029344;SRX029344","22081015","EWSR1"
"EZH2","Human","iCLIP","GSE36070;GSM880698","24141703","EZH2"
"EZH2","Mouse","PAR-CLIP","GSE49433;GSM1204907","24141703","EZH2"
"EZH2","Mouse","PAR-CLIP","GSE49433;GSM1204908","24141703","EZH2"
"EZH2","Mouse","PAR-CLIP","GSE49433;GSM1204909","24141703","EZH2"
"EZH2","Mouse","PAR-CLIP","GSE49433;GSM1204910","24141703","EZH2"
"FBF-1","Worm","iCLIP","GSE76136;GSM1974921","27165521","FBF-1"
"FBF-1","Worm","iCLIP","GSE76136;GSM1974922","27165521","FBF-1"
"FBF-1","Worm","iCLIP","GSE76136;GSM1974923","27165521","FBF-1"
"FBF-2","Worm","iCLIP","GSE76136;GSM1974924","27165521","FBF-2"
"FBF-2","Worm","iCLIP","GSE76136;GSM1974925","27165521","FBF-2"
"FBF-2","Worm","iCLIP","GSE76136;GSM1974926","27165521","FBF-2"
"FBL","Human","PAR-CLIP","GSE43666;GSM1067864","23706177","FBL"
"FBL","Human","PAR-CLIP","GSE43666;GSM1067865","23706177","FBL"
"FIP1L1","Human","PAR-CLIP","GSE37401;GSM917674","22813749","FIP1L1"
"FIP1L1","Human","PAR-CLIP","GSE37401;GSM917675","22813749","FIP1L1"
"FMR1","Human","PAR-CLIP","GSE39682;GSM977615","23235829","FMR1"
"FMR1","Human","PAR-CLIP","GSE39682;GSM977616","23235829","FMR1"
"FMR1","Mouse","HITS-CLIP","GSE45148;GSM1098051","21784246","FMR1"
"FMR1","Mouse","HITS-CLIP","GSE45148;GSM1098052","21784246","FMR1"
"FMR1","Mouse","HITS-CLIP","GSE45148;GSM1098053","21784246","FMR1"
"FMR1","Mouse","HITS-CLIP","GSE45148;GSM1098054","21784246","FMR1"
"FMR1","Mouse","HITS-CLIP","GSE45148;GSM1098055","21784246","FMR1"
"FMR1","Mouse","HITS-CLIP","GSE45148;GSM1098056","21784246","FMR1"
"FMR1","Mouse","HITS-CLIP","GSE45148;GSM1098057","21784246","FMR1"
"FUS","Human","HITS-CLIP","GSE40653;GSM998875","23023293","FUS"
"FUS","Human","HITS-CLIP","GSE43308;GSM1060381","23389473","FUS"
"FUS","Human","HITS-CLIP","GSE43308;GSM1060382","23389473","FUS"
"FUS","Human","HITS-CLIP","GSE43308;GSM1060383","23389473","FUS"
"FUS","Human","PAR-CLIP","SRX029328;SRX029328","22081015","FUS"
"FUS","Human","PAR-CLIP","SRX029329;SRX029329","22081015","FUS"
"FUS","Mouse","iCLIP","E-MTAB-1223;ERR208898","22934129","FUS"
"FUS","Mouse","iCLIP","E-MTAB-1223;ERR208899","22934129","FUS"
"FUS","Mouse","iCLIP","E-MTAB-1223;ERR208901","22934129","FUS"
"FUS","Mouse","HITS-CLIP","GSE37190;GSM913331","23023293","FUS"
"FUS","Mouse","HITS-CLIP","GSE40653;GSM998872","23023293","FUS"
"FUS","Mouse","HITS-CLIP","GSE40653;GSM998873","23023293","FUS"
"FUS","Mouse","HITS-CLIP","GSE40653;GSM998874","23023293","FUS"
"FUS","Mouse","HITS-CLIP","GSE43308;GSM1060384","22829983","FUS"
"FUS","Mouse","HITS-CLIP","GSE43308;GSM1060385","23023293","FUS"
"FUS","Human","PAR-CLIP","DRA001158;DRS012384","24954906","FUS"
"FXR1","Human","PAR-CLIP","GSE39682;GSM977619","23235829","FXR1"
"FXR2","Human","PAR-CLIP","GSE39682;GSM977620","23235829","FXR2"
"GBP2","Yeast","HITS-CLIP","GSE46742;GSM1137763","23993093","GBP2"
"Gbp2","Yeast","PAR-CLIP","GSE59676;GSM1442540","25192364","Gbp2"
"HEK2","Yeast","HITS-CLIP","GSE46742;GSM1137758","23993093","HEK2"
"HLP1","Arabidopsis thaliana","HITS-CLIP","GSE39051;GSM954715","26099751","HLP1"
"HLP1","Arabidopsis thaliana","HITS-CLIP","GSE39051;GSM954716","26099751","HLP1"
"HNRNPA1","Human","HITS-CLIP","GSE34996;GSM859978,GSM859979,GSM859980,GSM859981","22574288","HNRNPA1"
"HNRNPA2B1","Human","HITS-CLIP","GSE34996;GSM859982","22574288","HNRNPA2B1"
"HNRNPC","Human","iCLIP","E-MTAB-1371;ERR196174,ERR196175,ERR196179,ERR196187","23374342","HNRNPC"
"HNRNPC","Human","iCLIP","E-MTAB-1371;ERR196176,ERR196177,ERR196178,ERR196181,ERR196182,ERR196185,ERR196186,ERR196188,ERR196189","23374342","HNRNPC"
"HNRNPC","Human","iCLIP","E-MTAB-341;ERR018282","20601959","HNRNPC"
"HNRNPC","Human","iCLIP","E-MTAB-341;ERR018283","20601959","HNRNPC"
"HNRNPC","Human","iCLIP","E-MTAB-341;ERR018284","20601959","HNRNPC"
"HNRNPD","Human","PAR-CLIP","GSE52971;GSM1279666","25366541","HNRNPD"
"HNRNPD","Human","PAR-CLIP","GSE52971;GSM1279667","25366541","HNRNPD"
"HNRNPD","Human","PAR-CLIP","GSE52971;GSM1279665","25366541","HNRNPD"
"HNRNPD","Human","PAR-CLIP","GSE52971;GSM1279664","25366541","HNRNPD"
"HNRNPF","Human","HITS-CLIP","GSE34996;GSM859983,GSM859984,GSM859985,GSM859986","22574288","HNRNPF"
"HNRNPH","Human","HITS-CLIP","GSE23694;GSM581051","21057496","HNRNPH"
"HNRNPH","Human","HITS-CLIP","GSE23694;GSM581052","21057496","HNRNPH"
"HNRNPM","Human","HITS-CLIP","GSE34996;GSM859987,GSM859988","22574288","HNRNPM"
"HNRNPU","Human","HITS-CLIP","GSE34491;GSM850170","22325991","HNRNPU"
"HNRNPU","Human","HITS-CLIP","GSE34491;GSM850171","22325991","HNRNPU"
"HNRNPU","Human","HITS-CLIP","GSE34996;GSM859989,GSM859990,GSM859991,GSM859992","22574288","HNRNPU"
"Hpr1","Yeast","PAR-CLIP","GSE59676;GSM1442541","25192364","Hpr1"
"Hrb1","Yeast","PAR-CLIP","GSE59676;GSM1442542","25192364","Hrb1"
"HRP1","Yeast","HITS-CLIP","GSE46742;GSM1137720","23993093","HRP1"
"HRP1","Yeast","HITS-CLIP","GSE46742;GSM1137728","23993093","HRP1"
"IGF2BP1","Human","PAR-CLIP","GSE21578;GSM545206","20371350","IGF2BP1"
"IGF2BP1","Human","PAR-CLIP","GSE21578;GSM545207","20371350","IGF2BP1"
"IGF2BP2","Human","PAR-CLIP","GSE21578;GSM545208","20371350","IGF2BP2"
"IGF2BP3","Human","PAR-CLIP","GSE21578;GSM545209","20371350","IGF2BP3"
"Ist3","Yeast","PAR-CLIP","GSE59676;GSM1442543","25192364","Ist3"
"LIN28A","Human","HITS-CLIP","GSE39873;GSM980593","22959275","LIN28A"
"LIN28A","Human","HITS-CLIP","GSE39873;GSM980594","22959275","LIN28A"
"LIN28A","Human","PAR-CLIP","GSE44616;GSM1087848","23481595","LIN28A"
"LIN28A","Mouse","HITS-CLIP","GSE37114;GSM910955","23102813","LIN28A"
"LIN28A","Mouse","HITS-CLIP","GSE37114;GSM910956","23102813","LIN28A"
"LIN28A","Mouse","HITS-CLIP","GSE37114;GSM910957","23102813","LIN28A"
"LIN28B","Human","PAR-CLIP","GSE44616;GSM1087849","23481595","LIN28B"
"LIN28B","Human","PAR-CLIP","GSE44616;GSM1087850","23481595","LIN28B"
"LIN28B","Human","PAR-CLIP","GSE44616;GSM1087851","23481595","LIN28B"
"LIN28B","Human","PAR-CLIP","GSE46908;GSM1140829","23770886","LIN28B"
"LSM1","Yeast","HITS-CLIP","GSE46142;GSM1124960","23222640","LSM1"
"LSM1","Yeast","HITS-CLIP","GSE46142;GSM1124961","23222640","LSM1"
"Luc7","Yeast","PAR-CLIP","GSE59676;GSM1442544","25192364","Luc7"
"MBNL1","Mouse","HITS-CLIP","E-MTAB-414;ERR039250,ERR039252,ERR039254","22355723","MBNL1"
"MBNL1","Mouse","HITS-CLIP","E-MTAB-414;ERR039251,ERR039253","22355723","MBNL1"
"MBNL1/MBNL2","Mouse","HITS-CLIP","GSE39911;GSM981226","22901804","MBNL1/MBNL2"
"MBNL1/MBNL2","Mouse","HITS-CLIP","GSE39911;GSM981227","22901804","MBNL1/MBNL2"
"MBNL1/MBNL2","Mouse","HITS-CLIP","GSE39911;GSM981228","22901804","MBNL1/MBNL2"
"MBNL1/MBNL2","Mouse","HITS-CLIP","GSE39911;GSM981229","22901804","MBNL1/MBNL2"
"MBNL1/MBNL2","Mouse","HITS-CLIP","GSE39911;GSM981230","22901804","MBNL1/MBNL2"
"MBNL2","Mouse","HITS-CLIP","GSE38497;GSM1127541","22884328","MBNL2"
"MBNL2","Mouse","HITS-CLIP","GSE38497;GSM1127542","22884328","MBNL2"
"MBNL2","Mouse","HITS-CLIP","GSE38497;GSM1127543","22884328","MBNL2"
"METTL14","Human","PAR-CLIP","GSE46705;GSM1135015","23453015","METTL14"
"METTL14","Human","PAR-CLIP","GSE46705;GSM1135008","23453015","METTL14"
"METTL14","Human","PAR-CLIP","GSE46705;GSM1135009","23453015","METTL14"
"METTL14","Human","PAR-CLIP","GSE46705;GSM1135014","23453015","METTL14"
"METTL3","Human","PAR-CLIP","GSE46705;GSM1135013","23453015","METTL3"
"METTL3","Human","PAR-CLIP","GSE46705;GSM1135012","23453015","METTL3"
"METTL3","Human","PAR-CLIP","GSE46705;GSM1135007","23453015","METTL3"
"METTL3","Human","PAR-CLIP","GSE46705;GSM1135006","23453015","METTL3"
"MEX67","Yeast","HITS-CLIP","GSE46742;GSM1137722","23993093","MEX67"
"MEX67","Yeast","HITS-CLIP","GSE46742;GSM1137730","23993093","MEX67"
"MEX67","Yeast","HITS-CLIP","GSE46742;GSM1137790","23993093","MEX67"
"Mex67","Yeast","PAR-CLIP","GSE59676;GSM1442545","25192364","Mex67"
"misc","Yeast","gPAR-CLIP","GSE43747;GSM1070231","23409723","misc"
"misc","Yeast","gPAR-CLIP","GSE43747;GSM1070232","23409723","misc"
"misc","Yeast","gPAR-CLIP","GSE43747;GSM1070233","23409723","misc"
"misc","Yeast","gPAR-CLIP","GSE43747;GSM1070234","23409723","misc"
"misc","Yeast","gPAR-CLIP","GSE43747;GSM1070235","23409723","misc"
"misc","Yeast","gPAR-CLIP","GSE43747;GSM1070236","23409723","misc"
"misc","Yeast","gPAR-CLIP","GSE43747;GSM1070245","23409723","misc"
"MOV10","Human","PAR-CLIP","GSE37524;GSM921128","22844102","MOV10"
"Mpe1","Yeast","PAR-CLIP","GSE59676;GSM1442546","25192364","Mpe1"
"Msl5","Yeast","PAR-CLIP","GSE59676;GSM1442547","25192364","Msl5"
"MTR4","Yeast","HITS-CLIP","GSE46742;GSM1137741","23993093","MTR4"
"MTR4","Yeast","HITS-CLIP","GSE46742;GSM1137744","23993093","MTR4"
"MTR4","Yeast","HITS-CLIP","GSE46742;GSM1137746","23993093","MTR4"
"Mud1","Yeast","PAR-CLIP","GSE59676;GSM1442548","25192364","Mud1"
"Mud2","Yeast","PAR-CLIP","GSE59676;GSM1442549","25192364","Mud2"
"NAB2","Yeast","HITS-CLIP","GSE46742;GSM1137750","23993093","NAB2"
"NAB2","Yeast","HITS-CLIP","GSE46742;GSM1137771","23993093","NAB2"
"NAB2","Yeast","HITS-CLIP","GSE46742;GSM1137778","23993093","NAB2"
"NAB2","Yeast","HITS-CLIP","GSE46742;GSM1137781","23993093","NAB2"
"Nab2","Yeast","PAR-CLIP","GSE59676;GSM1442550","25192364","Nab2"
"NAB3","Yeast","PAR-CLIP","GSE31764;GSM791767","21954178","NAB3"
"Nab3","Yeast","PAR-CLIP","E-MTAB-1766;ERR318746","24210918","Nab3"
"Nab3","Yeast","PAR-CLIP","E-MTAB-1766;ERR318748","24210918","Nab3"
"Nam8","Yeast","PAR-CLIP","GSE59676;GSM1442551","25192364","Nam8"
"NOP56","Human","PAR-CLIP","GSE43666;GSM1067863","23706177","NOP56"
"NOP58","Human","PAR-CLIP","GSE43666;GSM1067861","23706177","NOP58"
"NOP58","Human","PAR-CLIP","GSE43666;GSM1067862","23706177","NOP58"
"NOVA2","Mouse","HITS-CLIP","NA","18978773","NOVA2"
"Npl3","Yeast","PAR-CLIP","GSE59676;GSM1442552","25192364","Npl3"
"NRD1","Yeast","PAR-CLIP","GSE31764;GSM791764","21954178","NRD1"
"NRD1","Yeast","PAR-CLIP","GSE31764;GSM791766","21954178","NRD1"
"NRD1","Yeast","PAR-CLIP","GSE31764;GSM791768","21954178","NRD1"
"Nrd1","Yeast","PAR-CLIP","E-MTAB-1766;ERR318750","24210918","Nrd1"
"Nrd1","Yeast","PAR-CLIP","E-MTAB-1766;ERR318753","24210918","Nrd1"
"NUDT21","Human","PAR-CLIP","GSE37401;GSM917661","22813749","NUDT21"
"NUDT21","Human","PAR-CLIP","GSE37401;GSM917662","22813749","NUDT21"
"PAB1","Yeast","HITS-CLIP","GSE46742;GSM1137787","23993093","PAB1"
"Pab1","Yeast","PAR-CLIP","GSE59676;GSM1442553","25192364","Pab1"
"PABPC1","Mouse","HITS-CLIP","GSE69755;GSM1708286","26554031","PABPC1"
"PABPC1","Mouse","HITS-CLIP","GSE69755;GSM1708284","26554031","PABPC1"
"PABPC1","Mouse","HITS-CLIP","GSE69755;GSM1708285","26554031","PABPC1"
"PAP2","Yeast","HITS-CLIP","GSE46742;GSM1137718","23993093","PAP2"
"PAT1","Yeast","HITS-CLIP","GSE46142;GSM1124962","23222640","PAT1"
"PAT1","Yeast","HITS-CLIP","GSE46142;GSM1124963","23222640","PAT1"
"PEP","Fly","PAR-CLIP","GSE78237;GSM2070054","27197210","PEP"
"PEP","Fly","PAR-CLIP","GSE78237;GSM2070055","27197210","PEP"
"PEP","Fly","PAR-CLIP","GSE78237;GSM2070056","27197210","PEP"
"PEP","Fly","PAR-CLIP","GSE78237;GSM2070057","27197210","PEP"
"PTBP1","Mouse","HITS-CLIP","E-MTAB-414;ERR039255,ERR039256","22355723","PTBP1"
"PTBP1","Human","iCLIP","GSE57278;GSM1486178","25219497","PTBP1"
"PTBP1","Human","iCLIP","GSE57278;GSM1486177","25219497","PTBP1"
"PTBP1","Human","PAR-iCLIP","GSE57278;GSM1378377","25219497","PTBP1"
"PTBP1/PTBP2","Human","HITS-CLIP","GSE19323;GSM480476","20064465","PTBP1/PTBP2"
"PTBP1/PTBP2","Human","HITS-CLIP","GSE19323;GSM480477","20064465","PTBP1/PTBP2"
"PTBP1/PTBP2","Human","HITS-CLIP","GSE19323;GSM480478","20064465","PTBP1/PTBP2"
"PTBP1/PTBP2","Human","HITS-CLIP","GSE19323;GSM480479","20064465","PTBP1/PTBP2"
"PTBP1/PTBP2","Human","HITS-CLIP","GSE42701;GSM1048186","20064465","PTBP1/PTBP2"
"Pub1","Yeast","PAR-CLIP","GSE59676;GSM1442554","25192364","Pub1"
"PUM2","Human","PAR-CLIP","GSE21578;GSM545210","20371350","PUM2"
"QKI","Human","PAR-CLIP","GSE21578;GSM545211","20371350","QKI"
"QKI","Worm","PAR-CLIP","GSE33543;GSM829554","22152485","QKI"
"QKI","Worm","PAR-CLIP","GSE33543;GSM829555","22152485","QKI"
"QKI","Worm","PAR-CLIP","GSE33543;GSM829556","22152485","QKI"
"QKI","Worm","PAR-CLIP","GSE33543;GSM829557","22152485","QKI"
"RBFOX1","Mouse","HITS-CLIP","SRX355539;SRX355539","24213538","RBFOX1"
"RBFOX1","Mouse","HITS-CLIP","SRX426153;SRX426153","24613350","RBFOX1"
"RBFOX1","Mouse","HITS-CLIP","SRX426154;SRX426154","24613350","RBFOX1"
"RBFOX1","Mouse","HITS-CLIP","SRX426155;SRX426155","24613350","RBFOX1"
"RBFOX1","Mouse","HITS-CLIP","SRX426156;SRX426156","24613350","RBFOX1"
"RBFOX2","Human","HITS-CLIP","NA","19136955","RBFOX2"
"RBFOX2","Human","HITS-CLIP","NA","19136955","RBFOX2"
"RBFOX2","Mouse","HITS-CLIP","SRX355540;SRX355540","24213538","RBFOX2"
"RBFOX2","Mouse","HITS-CLIP","SRX426157;SRX426157","24613350","RBFOX2"
"RBFOX2","Mouse","HITS-CLIP","SRX426158;SRX426158","24613350","RBFOX2"
"RBFOX2","Mouse","HITS-CLIP","SRX426159;SRX426159","24613350","RBFOX2"
"RBFOX2","Mouse","HITS-CLIP","SRX426160;SRX426160","24613350","RBFOX2"
"RBFOX2","Mouse","iCLIP","GSE54794;GSM1324105","24637117","RBFOX2"
"RBFOX2","Mouse","iCLIP","GSE54794;GSM1324104","24637117","RBFOX2"
"RBFOX3","Mouse","HITS-CLIP","SRX426161;SRX426161","24613350","RBFOX3"
"RBFOX3","Mouse","HITS-CLIP","SRX426162;SRX426162","24613350","RBFOX3"
"RBFOX3","Mouse","HITS-CLIP","SRX426163;SRX426163","24613350","RBFOX3"
"RBFOX3","Mouse","HITS-CLIP","SRX426164;SRX426164","24613350","RBFOX3"
"RBFOX3","Mouse","HITS-CLIP","SRX426165;SRX426165","24613350","RBFOX3"
"RBFOX3","Mouse","PAR-CLIP","SRX375262;SRX375262","25240799","RBFOX3"
"RBM10","Human","HITS-CLIP","GSE44976;GSM1095143","24000153","RBM10"
"RBM10","Human","HITS-CLIP","GSE44976;GSM1095142","24000153","RBM10"
"RBM3","Mouse","PAR-CLIP","GSE40468;GSM994703","23792593","RBM3"
"RBM47","Human","HITS-CLIP","GSE58380;GSM1409656","24898756","RBM47"
"RBM47","Human","HITS-CLIP","GSE58380;GSM1409655","24898756","RBM47"
"Rna15","Yeast","PAR-CLIP","GSE59676;GSM1442555","25192364","Rna15"
"RPB2","Yeast","PAR-CLIP","GSE31764;GSM791765","21954178","RPB2"
"RTCB","Human","PAR-CLIP","GSE38201;GSM936508","22681889","RTCB"
"SBP1","Yeast","HITS-CLIP","GSE46142;GSM1124964","23222640","SBP1"
"SBP1","Yeast","HITS-CLIP","GSE46142;GSM1124965","23222640","SBP1"
"SEN1","Yeast","PAR-CLIP","GSE31764;GSM791763","21954178","SEN1"
"SF1","Human","HITS-CLIP","NA","21062807","SF1"
"SKI2","Yeast","HITS-CLIP","GSE46742;GSM1137768","23993093","SKI2"
"SKI2","Yeast","HITS-CLIP","GSE46742;GSM1137773","23993093","SKI2"
"SKI2","Yeast","HITS-CLIP","GSE46742;GSM1178908","23993093","SKI2"
"SKI2","Yeast","HITS-CLIP","GSE46742;GSM1178909","23993093","SKI2"
"Snp1","Yeast","PAR-CLIP","GSE59676;GSM1442556","25192364","Snp1"
"SRRM4","Human","iCLIP","GSE57278;GSM1486179","25219497","SRRM4"
"SRRM4","Human","PAR-iCLIP","GSE57278;GSM1378376","25219497","SRRM4"
"SRRM4","Human","PAR-iCLIP","GSE57278;GSM1378375","25219497","SRRM4"
"SRRM4","Human","PAR-iCLIP","GSE57278;GSM1378374","24954906","SRRM4"
"SRRM4","Mouse","iCLIP","GSE57278;GSM1486174","25219497","SRRM4"
"SRRM4","Mouse","PAR-iCLIP","GSE57278;GSM1486175","25219497","SRRM4"
"SRRM4","Mouse","PAR-iCLIP","GSE57278;GSM1486176","25219497","SRRM4"
"SRSF1","Human","HITS-CLIP","NA","19116412","SRSF1"
"SRSF1","Mouse","HITS-CLIP","GSE44591;GSM1088390","23562324","SRSF1"
"SRSF2","Mouse","HITS-CLIP","GSE44591;GSM1088391","23562324","SRSF2"
"SRSF3","Mouse","iCLIP","E-MTAB-747;ERR039836","22436691","SRSF3"
"SRSF3","Mouse","iCLIP","E-MTAB-747;ERR039837","22436691","SRSF3"
"SRSF3","Mouse","iCLIP","E-MTAB-747;ERR039838","22436691","SRSF3"
"SRSF4","Mouse","iCLIP","E-MTAB-747;ERR039839","22436691","SRSF4"
"SRSF4","Mouse","iCLIP","E-MTAB-747;ERR039840","22436691","SRSF4"
"SRSF4","Mouse","iCLIP","E-MTAB-747;ERR039841","22436691","SRSF4"
"STO1","Yeast","HITS-CLIP","GSE46742;GSM1137753","23993093","STO1"
"STO1","Yeast","HITS-CLIP","GSE46742;GSM1137760","23993093","STO1"
"STO1","Yeast","HITS-CLIP","GSE46742;GSM1137776","23993093","STO1"
"Sub2","Yeast","PAR-CLIP","GSE59676;GSM1442557","25192364","Sub2"
"TAF15","Human","HITS-CLIP","GSE43294;GSM1060205","23416048","TAF15"
"TAF15","Human","HITS-CLIP","GSE43294;GSM1060206","23416048","TAF15"
"TAF15","Human","HITS-CLIP","GSE43294;GSM1060207","23416048","TAF15"
"TAF15","Human","HITS-CLIP","GSE43294;GSM1060208","23416048","TAF15"
"TAF15","Human","HITS-CLIP","GSE43294;GSM1060209","23416048","TAF15"
"TAF15","Human","PAR-CLIP","SRX029345;SRX029345","22081015","TAF15"
"TAF15","Human","PAR-CLIP","SRX029346;SRX029346","22081015","TAF15"
"TAF15","Mouse","HITS-CLIP","GSE43294;GSM1060210","23416048","TAF15"
"TAF15","Mouse","HITS-CLIP","GSE43294;GSM1060211","23416048","TAF15"
"TARDBP","Human","iCLIP","E-MTAB-530;ERR039842","21358640","TARDBP"
"TARDBP","Human","iCLIP","E-MTAB-530;ERR039843","21358640","TARDBP"
"TARDBP","Human","iCLIP","E-MTAB-530;ERR039844","21358640","TARDBP"
"TARDBP","Human","iCLIP","E-MTAB-530;ERR039845","21358640","TARDBP"
"TARDBP","Human","iCLIP","E-MTAB-530;ERR039846","21358640","TARDBP"
"TARDBP","Human","iCLIP","E-MTAB-530;ERR039847,ERR039848","21358640","TARDBP"
"TARDBP","Human","iCLIP","E-MTAB-530;ERR039849","21358640","TARDBP"
"TARDBP","Human","iCLIP","E-MTAB-530;ERR039850","21358640","TARDBP"
"TARDBP","Human","iCLIP","E-MTAB-530;ERR039851,ERR039852","21358640","TARDBP"
"TARDBP","Human","iCLIP","E-MTAB-530;ERR039853","21358640","TARDBP"
"TARDBP","Human","iCLIP","E-MTAB-530;ERR039854","21358640","TARDBP"
"TARDBP","Human","iCLIP","E-MTAB-530;ERR039855","21358640","TARDBP"
"TARDBP","Mouse","iCLIP","E-MTAB-1223;ERR208895","22934129","TARDBP"
"TARDBP","Mouse","iCLIP","E-MTAB-1223;ERR208896","22934129","TARDBP"
"TARDBP","Mouse","iCLIP","E-MTAB-1223;ERR208900","22934129","TARDBP"
"TARDBP","Mouse","HITS-CLIP","GSE27394;GSM672062","21358643","TARDBP"
"TARDBP","Mouse","HITS-CLIP","GSE27394;GSM672063","21358643","TARDBP"
"TARDBP","Mouse","HITS-CLIP","GSE40653;GSM998871","23023293","TARDBP"
"TARDBP","Human","PAR-CLIP","DRA001158;DRS012385","24954906","TARDBP"
"TARDBP","Human","PAR-CLIP","DRA001158;DRS012386","24954906","TARDBP"
"TARDBP","Human","PAR-CLIP","DRA001158;DRS012387","24954906","TARDBP"
"THO2","Yeast","HITS-CLIP","GSE46742;GSM1137766","23993093","THO2"
"Tho2","Yeast","PAR-CLIP","GSE59676;GSM1442558","25192364","Tho2"
"TIA1","Human","iCLIP","E-MTAB-432;ERR039774,ERR039775,ERR039777","21048981","TIA1"
"TIA1","Human","iCLIP","E-MTAB-432;ERR039776,ERR039778","21048981","TIA1"
"TIA1","Human","iCLIP","E-MTAB-432;ERR039786,ERR039787","21048981","TIA1"
"TIF1","Yeast","HITS-CLIP","GSE46742;GSM1137733","23993093","TIF1"
"TNRC6A","Human","PAR-CLIP","GSE21578;GSM545218","20371350","TNRC6A"
"TNRC6B","Human","PAR-CLIP","GSE21578;GSM545219","20371350","TNRC6B"
"TNRC6C","Human","PAR-CLIP","GSE21578;GSM545220","20371350","TNRC6C"
"TRA2B","Mouse","HITS-CLIP","NA","22194695","TRA2B"
"U2AF2","Mouse","iCLIP","E-MTAB-1223;ERR208893","22934129","U2AF2"
"U2AF2","Mouse","iCLIP","E-MTAB-1223;ERR208897","22934129","U2AF2"
"U2AF2","Mouse","PAR-iCLIP","GSE57278;GSM1378379","25219497","U2AF2"
"UPF1","Mouse","HITS-CLIP","GSE41785;GSM1024301","23766421","UPF1"
"UPF1","Mouse","HITS-CLIP","GSE41785;GSM1024302","23766421","UPF1"
"UPF1","Mouse","HITS-CLIP","GSE41785;GSM1024303","23766421","UPF1"
"UPF1","Mouse","HITS-CLIP","GSE41785;GSM1024304","23766421","UPF1"
"UPF1","Mouse","HITS-CLIP","GSE41785;GSM1024305","23766421","UPF1"
"WDR33","Human","PAR-CLIP","GSE61123;GSM1496985","25301781","WDR33"
"XRN1","Yeast","HITS-CLIP","GSE46742;GSM1137725","23993093","XRN1"
"Yra1","Yeast","PAR-CLIP","GSE59676;GSM1442559","25192364","Yra1"
"Yth1","Yeast","PAR-CLIP","GSE59676;GSM1442560","25192364","Yth1"
"YTHDF2","Human","PAR-CLIP","GSE49339;GSM1197605","24284625","YTHDF2"
"YTHDF2","Human","PAR-CLIP","GSE49339;GSM1197606","24284625","YTHDF2"
"YTHDF2","Human","PAR-CLIP","GSE49339;GSM1197607","24284625","YTHDF2"
"ZC3H7B","Human","PAR-CLIP","GSE38201;GSM936510","22681889","ZC3H7B"