Id,ftp,Adaptor,Study,Protein,Species,GSE,Experiment,Cell_line,Treatment
CLIP1,ftp://ftp-trace.ncbi.nlm.nih.gov/sra/sra-instant/reads/ByExp/sra/SRX/SRX171/SRX171147/SRR527727/SRR527727.sra|ftp://ftp-trace.ncbi.nlm.nih.gov/sra/sra-instant/reads/ByExp/sra/SRX/SRX171/SRX171148/SRR527728/SRR527728.sra,TCGTATGCCGTCTTCTGC,"Ascano M Jr, et al. Nature 2012",FMRP,Human,GSE39682,PAR-CLIP,HEK293,iso1 and iso7
CLIP2,ftp://ftp-trace.ncbi.nlm.nih.gov/sra/sra-instant/reads/ByExp/sra/SRX/SRX171/SRX171151/SRR527731/SRR527731.sra,TCGTATGCCGTCTTCTGC,"Ascano M Jr, et al. Nature 2012",FXR1,Human,GSE39682,PAR-CLIP,HEK293,"wildtype FXR1, 4-thiouridine, RNase T1"
CLIP3,ftp://ftp-trace.ncbi.nlm.nih.gov/sra/sra-instant/reads/ByExp/sra/SRX%2FSRX171%2FSRX171152/SRR527732/SRR527732.sra,TCGTATGCCGTCTTCTGC,"Ascano M Jr, et al. Nature 2012",FXR2,Human,GSE39682,PAR-CLIP,HEK293,"wildtype FXR2, 4-thiouridine, RNase T1"
CLIP4,ftp://ftp-trace.ncbi.nlm.nih.gov/sra/sra-instant/reads/ByExp/sra/SRX/SRX149/SRX149417/SRR500478/SRR500478.sra|ftp://ftp-trace.ncbi.nlm.nih.gov/sra/sra-instant/reads/ByExp/sra/SRX/SRX149/SRX149417/SRR500479/SRR500479.sra,?,"Baltz AG, et al. Mol Cell 2012",ALKBH5,Human,GSE38201,PAR-CLIP,HEK293,4-thiouridine
CLIP5,ftp://ftp-trace.ncbi.nlm.nih.gov/sra/sra-instant/reads/ByExp/sra/SRX/SRX149/SRX149418/SRR500480/SRR500480.sra|ftp://ftp-trace.ncbi.nlm.nih.gov/sra/sra-instant/reads/ByExp/sra/SRX/SRX149/SRX149418/SRR500481/SRR500481.sra,?,"Baltz AG, et al. Mol Cell 2012",C17ORF85,Human,GSE38201,PAR-CLIP,HEK293,4-thiouridine
CLIP6,ftp://ftp-trace.ncbi.nlm.nih.gov/sra/sra-instant/reads/ByExp/sra/SRX/SRX149/SRX149419/SRR500482/SRR500482.sra|ftp://ftp-trace.ncbi.nlm.nih.gov/sra/sra-instant/reads/ByExp/sra/SRX/SRX149/SRX149419/SRR500483/SRR500483.sra,?,"Baltz AG, et al. Mol Cell 2012",C22ORF28,Human,GSE38201,PAR-CLIP,HEK293,4-thiouridine
CLIP7,ftp://ftp-trace.ncbi.nlm.nih.gov/sra/sra-instant/reads/ByExp/sra/SRX/SRX149/SRX149420/SRR500484/SRR500484.sra|ftp://ftp-trace.ncbi.nlm.nih.gov/sra/sra-instant/reads/ByExp/sra/SRX/SRX149/SRX149420/SRR500485/SRR500485.sra,?,"Baltz AG, et al. Mol Cell 2012",CAPRIN1,Human,GSE38201,PAR-CLIP,HEK293,4-thiouridine
CLIP8,ftp://ftp-trace.ncbi.nlm.nih.gov/sra/sra-instant/reads/ByExp/sra/SRX/SRX149/SRX149421/SRR500486/SRR500486.sra|ftp://ftp-trace.ncbi.nlm.nih.gov/sra/sra-instant/reads/ByExp/sra/SRX/SRX149/SRX149421/SRR500487/SRR500487.sra,?,"Baltz AG, et al. Mol Cell 2012",ZC3H7B,Human,GSE38201,PAR-CLIP,HEK293,4-thiouridine
CLIP9,ftp://ftp-trace.ncbi.nlm.nih.gov/sra/sra-instant/reads/ByExp/sra/SRX%2FSRX271%2FSRX271409/SRR833693/SRR833693.sra|ftp://ftp-trace.ncbi.nlm.nih.gov/sra/sra-instant/reads/ByExp/sra/SRX/SRX271/SRX271407/SRR833691/SRR833691.sra|ftp://ftp-trace.ncbi.nlm.nih.gov/sra/sra-instant/reads/ByExp/sra/SRX/SRX271/SRX271408/SRR833692/SRR833692.sra,?,"Charizanis K, et al. Neuron 2012",MBNL2,Mouse,GSE38497,HITS-CLIP,hippocampus,wt1-3
CLIP10,ftp://ftp-trace.ncbi.nlm.nih.gov/sra/sra-instant/reads/ByExp/sra/SRX/SRX020/SRX020783/SRR048973/SRR048973.sra,?,"Hafner M, et al. Cell 2010",AGO1,Human,GSE21918,PAR-CLIP,HEK293,"4-thiouridine, RNase T1"
CLIP11,ftp://ftp-trace.ncbi.nlm.nih.gov/sra/sra-instant/reads/ByExp/sra/SRX/SRX020/SRX020784/SRR048974/SRR048974.sra|ftp://ftp-trace.ncbi.nlm.nih.gov/sra/sra-instant/reads/ByExp/sra/SRX/SRX020/SRX020784/SRR048975/SRR048975.sra,?,"Hafner M, et al. Cell 2010",AGO2,Human,GSE21918,PAR-CLIP,HEK293,"4-thiouridine, RNase T1"
CLIP12,ftp://ftp-trace.ncbi.nlm.nih.gov/sra/sra-instant/reads/ByExp/sra/SRX/SRX020/SRX020785/SRR048976/SRR048976.sra|ftp://ftp-trace.ncbi.nlm.nih.gov/sra/sra-instant/reads/ByExp/sra/SRX/SRX020/SRX020785/SRR048977/SRR048977.sra,?,"Hafner M, et al. Cell 2010",AGO3,Human,GSE21918,PAR-CLIP,HEK293,"4-thiouridine, RNase T1"
CLIP13,ftp://ftp-trace.ncbi.nlm.nih.gov/sra/sra-instant/reads/ByExp/sra/SRX/SRX020/SRX020786/SRR048978/SRR048978.sra|ftp://ftp-trace.ncbi.nlm.nih.gov/sra/sra-instant/reads/ByExp/sra/SRX/SRX020/SRX020786/SRR048979/SRR048979.sra,?,"Hafner M, et al. Cell 2010",AGO4,Human,GSE21918,PAR-CLIP,HEK293,"4-thiouridine, RNase T1"
CLIP14,ftp://ftp-trace.ncbi.nlm.nih.gov/sra/sra-instant/reads/ByExp/sra/SRX/SRX020/SRX020777/SRR048955/SRR048955.sra|ftp://ftp-trace.ncbi.nlm.nih.gov/sra/sra-instant/reads/ByExp/sra/SRX/SRX020/SRX020777/SRR048950/SRR048950.sra|ftp://ftp-trace.ncbi.nlm.nih.gov/sra/sra-instant/reads/ByExp/sra/SRX/SRX020/SRX020777/SRR048951/SRR048951.sra|ftp://ftp-trace.ncbi.nlm.nih.gov/sra/sra-instant/reads/ByExp/sra/SRX/SRX020/SRX020777/SRR048952/SRR048952.sra|ftp://ftp-trace.ncbi.nlm.nih.gov/sra/sra-instant/reads/ByExp/sra/SRX/SRX020/SRX020777/SRR048953/SRR048953.sra|ftp://ftp-trace.ncbi.nlm.nih.gov/sra/sra-instant/reads/ByExp/sra/SRX/SRX020/SRX020777/SRR048954/SRR048954.sra,?,"Hafner M, et al. Cell 2010",IGF2BP1,Human,GSE21918,PAR-CLIP,HEK293,"doxycycline induced, 4-thiouridine, RNase T1"
CLIP15,ftp://ftp-trace.ncbi.nlm.nih.gov/sra/sra-instant/reads/ByExp/sra/SRX/SRX020/SRX020779/SRR048961/SRR048961.sra|ftp://ftp-trace.ncbi.nlm.nih.gov/sra/sra-instant/reads/ByExp/sra/SRX/SRX020/SRX020779/SRR048957/SRR048957.sra|ftp://ftp-trace.ncbi.nlm.nih.gov/sra/sra-instant/reads/ByExp/sra/SRX/SRX020/SRX020779/SRR048958/SRR048958.sra|ftp://ftp-trace.ncbi.nlm.nih.gov/sra/sra-instant/reads/ByExp/sra/SRX/SRX020/SRX020779/SRR048959/SRR048959.sra|ftp://ftp-trace.ncbi.nlm.nih.gov/sra/sra-instant/reads/ByExp/sra/SRX/SRX020/SRX020779/SRR048960/SRR048960.sra,?,"Hafner M, et al. Cell 2010",IGF2BP2,Human,GSE21918,PAR-CLIP,HEK293,"doxycycline induced, 4-thiouridine, RNase T1"
CLIP16,ftp://ftp-trace.ncbi.nlm.nih.gov/sra/sra-instant/reads/ByExp/sra/SRX/SRX020/SRX020780/SRR048966/SRR048966.sra|ftp://ftp-trace.ncbi.nlm.nih.gov/sra/sra-instant/reads/ByExp/sra/SRX/SRX020/SRX020780/SRR048962/SRR048962.sra|ftp://ftp-trace.ncbi.nlm.nih.gov/sra/sra-instant/reads/ByExp/sra/SRX/SRX020/SRX020780/SRR048963/SRR048963.sra|ftp://ftp-trace.ncbi.nlm.nih.gov/sra/sra-instant/reads/ByExp/sra/SRX/SRX020/SRX020780/SRR048964/SRR048964.sra|ftp://ftp-trace.ncbi.nlm.nih.gov/sra/sra-instant/reads/ByExp/sra/SRX/SRX020/SRX020780/SRR048965/SRR048965.sra,?,"Hafner M, et al. Cell 2010",IGF2BP3,Human,GSE21918,PAR-CLIP,HEK293,"doxycycline induced, 4-thiouridine, RNase T1"
CLIP17,ftp://ftp-trace.ncbi.nlm.nih.gov/sra/sra-instant/reads/ByExp/sra/SRX/SRX020/SRX020781/SRR048967/SRR048967.sra|ftp://ftp-trace.ncbi.nlm.nih.gov/sra/sra-instant/reads/ByExp/sra/SRX/SRX020/SRX020781/SRR048968/SRR048968.sra,?,"Hafner M, et al. Cell 2010",PUM2,Human,GSE21918,PAR-CLIP,HEK293,"4-thiouridine, RNase T1"
CLIP18,ftp://ftp-trace.ncbi.nlm.nih.gov/sra/sra-instant/reads/ByExp/sra/SRX/SRX020/SRX020782/SRR048972/SRR048972.sra|ftp://ftp-trace.ncbi.nlm.nih.gov/sra/sra-instant/reads/ByExp/sra/SRX/SRX020/SRX020782/SRR048969/SRR048969.sra|ftp://ftp-trace.ncbi.nlm.nih.gov/sra/sra-instant/reads/ByExp/sra/SRX/SRX020/SRX020782/SRR048970/SRR048970.sra|ftp://ftp-trace.ncbi.nlm.nih.gov/sra/sra-instant/reads/ByExp/sra/SRX/SRX020/SRX020782/SRR048971/SRR048971.sra,?,"Hafner M, et al. Cell 2010",QKI,Human,GSE21918,PAR-CLIP,HEK293,"4-thiouridine, RNase T1"
CLIP19,ftp://ftp-trace.ncbi.nlm.nih.gov/sra/sra-instant/reads/ByExp/sra/SRX/SRX020/SRX020789/SRR048982/SRR048982.sra|ftp://ftp-trace.ncbi.nlm.nih.gov/sra/sra-instant/reads/ByExp/sra/SRX/SRX020/SRX020789/SRR048983/SRR048983.sra,?,"Hafner M, et al. Cell 2010",TNRC6A,Human,GSE21918,PAR-CLIP,HEK293,"doxycycline induced, 4-thiouridine, RNase T1"
CLIP20,ftp://ftp-trace.ncbi.nlm.nih.gov/sra/sra-instant/reads/ByExp/sra/SRX/SRX020/SRX020790/SRR048984/SRR048984.sra|ftp://ftp-trace.ncbi.nlm.nih.gov/sra/sra-instant/reads/ByExp/sra/SRX/SRX020/SRX020790/SRR048985/SRR048985.sra,?,"Hafner M, et al. Cell 2010",TNRC6B,Human,GSE21918,PAR-CLIP,HEK293,"doxycycline induced, 4-thiouridine, RNase T1"
CLIP21,ftp://ftp-trace.ncbi.nlm.nih.gov/sra/sra-instant/reads/ByExp/sra/SRX/SRX020/SRX020791/SRR048987/SRR048987.sra|ftp://ftp-trace.ncbi.nlm.nih.gov/sra/sra-instant/reads/ByExp/sra/SRX/SRX020/SRX020791/SRR048986/SRR048986.sra,?,"Hafner M, et al. Cell 2010",TNRC6C,Human,GSE21918,PAR-CLIP,HEK293,"doxycycline induced, 4-thiouridine, RNase T1"
CLIP22,ftp://ftp-trace.ncbi.nlm.nih.gov/sra/sra-instant/reads/ByExp/sra/SRX/SRX245/SRX245353/SRR764666/SRR764666.sra,?,"Hafner M, et al. RNA 2013",LIN28A,Human,GSE44615,PAR-CLIP,HEK293,"4-thiouridine, RNase T1"
CLIP23,ftp://ftp-trace.ncbi.nlm.nih.gov/sra/sra-instant/reads/ByExp/sra/SRX/SRX245/SRX245356/SRR764669/SRR764669.sra|ftp://ftp-trace.ncbi.nlm.nih.gov/sra/sra-instant/reads/ByExp/sra/SRX/SRX245/SRX245355/SRR764668/SRR764668.sra|ftp://ftp-trace.ncbi.nlm.nih.gov/sra/sra-instant/reads/ByExp/sra/SRX/SRX245/SRX245354/SRR764667/SRR764667.sra,?,"Hafner M, et al. RNA 2013",LIN28B,Human,GSE44615,PAR-CLIP,HEK293,"4-thiouridine, RNase T1"
CLIP24,ftp://ftp.ddbj.nig.ac.jp/ddbj_database/dra/sralite/ByExp/litesra/SRX/SRX029/SRX029343/SRR070460/SRR070460.sra,?,"Hoell JI, et al. Nat Struct Mol Biol 2011",EWSR1,Human,SRA025082,PAR-CLIP,HEK293,4-thiouridine
CLIP25,ftp://ftp.ddbj.nig.ac.jp/ddbj_database/dra/sralite/ByExp/litesra/SRX/SRX029/SRX029328/SRR070448/SRR070448.sra,?,"Hoell JI, et al. Nat Struct Mol Biol 2011",FUS,Human,SRA025082,PAR-CLIP,HEK293,4-thiouridine
CLIP26,ftp://ftp.ddbj.nig.ac.jp/ddbj_database/dra/sralite/ByExp/litesra/SRX/SRX029/SRX029345/SRR070462/SRR070462.sra,?,"Hoell JI, et al. Nat Struct Mol Biol 2011",TAF15,Human,SRA025082,PAR-CLIP,HEK293,4-thiouridine
CLIP29,ftp://ftp-trace.ncbi.nlm.nih.gov/sra/sra-instant/reads/ByExp/sra/SRX/SRX333/SRX333086/SRR949623/SRR949623.sra|ftp://ftp-trace.ncbi.nlm.nih.gov/sra/sra-instant/reads/ByExp/sra/SRX/SRX333/SRX333083/SRR949620/SRR949620.sra|ftp://ftp-trace.ncbi.nlm.nih.gov/sra/sra-instant/reads/ByExp/sra/SRX/SRX333/SRX333084/SRR949621/SRR949621.sra|ftp://ftp-trace.ncbi.nlm.nih.gov/sra/sra-instant/reads/ByExp/sra/SRX/SRX333/SRX333085/SRR949622/SRR949622.sra,?,Kaneko et al. Nat Struct Mol Biol. 2013,EZH2,Mouse,GSE49433,PAR-CLIP,E14Tg2A.4 ESCs,4-thiouridine
CLIP30,ftp://ftp-trace.ncbi.nlm.nih.gov/sra/sra-instant/reads/ByExp/sra/SRX/SRX058/SRX058610/SRR189775/SRR189775.sra|ftp://ftp-trace.ncbi.nlm.nih.gov/sra/sra-instant/reads/ByExp/sra/SRX/SRX058/SRX058611/SRR189776/SRR189776.sra|ftp://ftp-trace.ncbi.nlm.nih.gov/sra/sra-instant/reads/ByExp/sra/SRX/SRX058/SRX058612/SRR189777/SRR189777.sra|ftp://ftp-trace.ncbi.nlm.nih.gov/sra/sra-instant/reads/ByExp/sra/SRX/SRX058/SRX058613/SRR189778/SRR189778.sra|ftp://ftp-trace.ncbi.nlm.nih.gov/sra/sra-instant/reads/ByExp/sra/SRX/SRX058/SRX058615/SRR189780/SRR189780.sra|ftp://ftp-trace.ncbi.nlm.nih.gov/sra/sra-instant/reads/ByExp/sra/SRX/SRX058/SRX058614/SRR189779/SRR189779.sra,?,"Kishore S, et al. Nat Methods 2011",HUR,Human,GSE28865,HITS-CLIP,HEK293,all combined
CLIP31,ftp://ftp-trace.ncbi.nlm.nih.gov/sra/sra-instant/reads/ByExp/sra/SRX/SRX031/SRX031189/SRR072951/SRR072951.sra|ftp://ftp-trace.ncbi.nlm.nih.gov/sra/sra-instant/reads/ByExp/sra/SRX/SRX031/SRX031190/SRR072952/SRR072952.sra|ftp://ftp-trace.ncbi.nlm.nih.gov/sra/sra-instant/reads/ByExp/sra/SRX/SRX031/SRX031191/SRR072953/SRR072953.sra,?,"Leung AK, et al. Nat Struct Mol Biol 2011",AGO2,Mouse,GSE25310,HITS-CLIP,mESCs,all WT
CLIP32,ftp://ftp-trace.ncbi.nlm.nih.gov/sra/sra-instant/reads/ByExp/sra/SRX/SRX288/SRX288557/SRR871033/SRR871033.sra|ftp://ftp-trace.ncbi.nlm.nih.gov/sra/sra-instant/reads/ByExp/sra/SRX/SRX288/SRX288550/SRR871026/SRR871026.sra|ftp://ftp-trace.ncbi.nlm.nih.gov/sra/sra-instant/reads/ByExp/sra/SRX/SRX288/SRX288551/SRR871027/SRR871027.sra|ftp://ftp-trace.ncbi.nlm.nih.gov/sra/sra-instant/reads/ByExp/sra/SRX/SRX288/SRX288552/SRR871028/SRR871028.sra|ftp://ftp-trace.ncbi.nlm.nih.gov/sra/sra-instant/reads/ByExp/sra/SRX/SRX288/SRX288553/SRR871029/SRR871029.sra|ftp://ftp-trace.ncbi.nlm.nih.gov/sra/sra-instant/reads/ByExp/sra/SRX/SRX288/SRX288554/SRR871030/SRR871030.sra|ftp://ftp-trace.ncbi.nlm.nih.gov/sra/sra-instant/reads/ByExp/sra/SRX/SRX288/SRX288555/SRR871031/SRR871031.sra|ftp://ftp-trace.ncbi.nlm.nih.gov/sra/sra-instant/reads/ByExp/sra/SRX/SRX288/SRX288556/SRR871032/SRR871032.sra,?,"Licatalosi DD, et al. Genes Dev 2012",PTBP2,Mouse,GSE47564,HITS-CLIP,embryonic cortex,-
CLIP33,ftp://ftp-trace.ncbi.nlm.nih.gov/sra/sra-instant/reads/ByExp/sra/SRX/SRX181/SRX181505/SRR548299/SRR548299.sra,?,"Liu Y, et al. Sci Rep 2013",CIRBP,Mouse,GSE40468,PAR-CLIP,Mouse embryonic fibroblasts,4-thiouridine
CLIP34,ftp://ftp-trace.ncbi.nlm.nih.gov/sra/sra-instant/reads/ByExp/sra/SRX/SRX181/SRX181506/SRR548300/SRR548300.sra,?,"Liu Y, et al. Sci Rep 2013",RBM3,Mouse,GSE40468,PAR-CLIP,Mouse embryonic fibroblasts,4-thiouridine
CLIP35,ftp://ftp-trace.ncbi.nlm.nih.gov/sra/sra-instant/reads/ByExp/sra/SRX/SRX157/SRX157655/SRR518495/SRR518495.sra|ftp://ftp-trace.ncbi.nlm.nih.gov/sra/sra-instant/reads/ByExp/sra/SRX/SRX157/SRX157657/SRR518497/SRR518497.sra|ftp://ftp-trace.ncbi.nlm.nih.gov/sra/sra-instant/reads/ByExp/sra/SRX/SRX157/SRX157656/SRR518496/SRR518496.sra|ftp://ftp-trace.ncbi.nlm.nih.gov/sra/sra-instant/reads/ByExp/sra/SRX/SRX157/SRX157658/SRR518498/SRR518498.sra,?,"Macias S, et al. Nat Struct Mol Biol 2012",DGCR8,Human,GSE39086,HITS-CLIP,HEK293T,all combined
CLIP36,ftp://ftp-trace.ncbi.nlm.nih.gov/sra/sra-instant/reads/ByExp/sra/SRX/SRX215/SRX215414/SRR645787/SRR645787.sra|ftp://ftp-trace.ncbi.nlm.nih.gov/sra/sra-instant/reads/ByExp/sra/SRX/SRX215/SRX215415/SRR645788/SRR645788.sra,?,"Nakaya T, et al. RNA 2013",FUS,Mouse,GSE43308,HITS-CLIP,Hlbx9-GFP+ (ES-derived neuronal cells),rep1-2
CLIP37,ftp://ftp-trace.ncbi.nlm.nih.gov/sra/sra-instant/reads/ByExp/sra/SRX/SRX215/SRX215411/SRR645784/SRR645784.sra|ftp://ftp-trace.ncbi.nlm.nih.gov/sra/sra-instant/reads/ByExp/sra/SRX/SRX215/SRX215412/SRR645785/SRR645785.sra|ftp://ftp-trace.ncbi.nlm.nih.gov/sra/sra-instant/reads/ByExp/sra/SRX/SRX215/SRX215413/SRR645786/SRR645786.sra,?,"Nakaya T, et al. RNA 2013",FUS,Human,GSE43308,HITS-CLIP,"Brain, temporal cortices",rep1-3
CLIP38,ftp://ftp-trace.ncbi.nlm.nih.gov/sra/sra-instant/reads/ByExp/sra/SRX/SRX245/SRX245749/SRR765756/SRR765756.sra|ftp://ftp-trace.ncbi.nlm.nih.gov/sra/sra-instant/reads/ByExp/sra/SRX/SRX245/SRX245751/SRR765758/SRR765758.sra|ftp://ftp-trace.ncbi.nlm.nih.gov/sra/sra-instant/reads/ByExp/sra/SRX/SRX245/SRX245751/SRR765759/SRR765759.sra,?,"Pandit S, et al. Mol Cell 2013",SRSF1,Mouse,GSE44591,HITS-CLIP,MEF (SRSF1 tet-repressible),no treatment+siControl
CLIP39,ftp://ftp-trace.ncbi.nlm.nih.gov/sra/sra-instant/reads/ByExp/sra/SRX/SRX245/SRX245750/SRR765757/SRR765757.sra,?,"Pandit S, et al. Mol Cell 2013",SRSF2,Mouse,GSE44591,HITS-CLIP,MEF (SRSF2 tet-repressible),-
CLIP40,ftp://ftp-trace.ncbi.nlm.nih.gov/sra/sra-instant/reads/ByExp/sra/SRX/SRX043/SRX043731/SRR107032/SRR107032.sra|ftp://ftp-trace.ncbi.nlm.nih.gov/sra/sra-instant/reads/ByExp/sra/SRX/SRX043/SRX043730/SRR107031/SRR107031.sra,?,Polymenidou et al. Nat Neurosci. 2011,TDP43,Mouse,GSE27201,HITS-CLIP,Brain,Mnase
CLIP41,ftp://ftp-trace.ncbi.nlm.nih.gov/sra/sra-instant/reads/ByExp/sra/SRX/SRX186/SRX186077/SRR567525/SRR567525.sra|ftp://ftp-trace.ncbi.nlm.nih.gov/sra/sra-instant/reads/ByExp/sra/SRX/SRX186/SRX186078/SRR567526/SRR567526.sra,?,"Sauli??re J, et al. Nat Struct Mol Biol 2012",EIF4A3,Human,GSE40778,HITS-CLIP,Hela,rep1-2
CLIP42,ftp://ftp-trace.ncbi.nlm.nih.gov/sra/sra-instant/reads/ByStudy/sra/SRP/SRP012/SRP012463/SRR490650/SRR490650.sra,?,"Sievers C, et al. Nucleic Acids Res 2012",MOV10,Human,GSE37524,PAR-CLIP,HEK293,4-thiouridine
CLIP43,ftp://ftp-trace.ncbi.nlm.nih.gov/sra/sra-instant/reads/ByExp/sra/SRX/SRX273/SRX273682/SRR837799/SRR837799.sra,?,MicroRNA Target Site Identification by Integrating Sequence and Binding Information,AGO2,Human,GSE46611,PAR-CLIP,LCL-BACD2,
CLIP44,ftp://ftp-trace.ncbi.nlm.nih.gov/sra/sra-instant/reads/ByExp/sra/SRX/SRX174/SRX174061/SRR533660/SRR533660.sra,?,"Wang ET, et al. Cell 2012",MBNL1,Mouse,GSE39911,HITS-CLIP,brain (C56BL/6),-
CLIP45,ftp://ftp-trace.ncbi.nlm.nih.gov/sra/sra-instant/reads/ByExp/sra/SRX/SRX174/SRX174062/SRR533661/SRR533661.sra,?,"Wang ET, et al. Cell 2012",MBNL1,Mouse,GSE39911,HITS-CLIP,brain (129SVJ),-
CLIP46,ftp://ftp-trace.ncbi.nlm.nih.gov/sra/sra-instant/reads/ByExp/sra/SRX/SRX174/SRX174063/SRR533662/SRR533662.sra,?,"Wang ET, et al. Cell 2012",MBNL1,Mouse,GSE39911,HITS-CLIP,heart (C56BL/6),-
CLIP47,ftp://ftp-trace.ncbi.nlm.nih.gov/sra/sra-instant/reads/ByExp/sra/SRX/SRX174/SRX174064/SRR533663/SRR533663.sra,?,"Wang ET, et al. Cell 2012",MBNL1,Mouse,GSE39911,HITS-CLIP,muscle (C56BL/6),-
CLIP48,ftp://ftp-trace.ncbi.nlm.nih.gov/sra/sra-instant/reads/ByExp/sra/SRX/SRX174/SRX174065/SRR533664/SRR533664.sra,?,"Wang ET, et al. Cell 2012",MBNL1,Mouse,GSE39911,HITS-CLIP,C2C12 myoblasts,-
CLIP49,ftp://ftp-trace.ncbi.nlm.nih.gov/sra/sra-instant/reads/ByExp/sra/SRX/SRX172/SRX172973/SRR531464/SRR531464.sra|ftp://ftp-trace.ncbi.nlm.nih.gov/sra/sra-instant/reads/ByExp/sra/SRX/SRX172/SRX172973/SRR531463/SRR531463.sra,TCGTATGCCGTCTTCTGCTTG,"Wilbert ML, et al. Mol Cell 2012",LIN28A,Human,GSE39872,HITS-CLIP,H9 hESCs,-
CLIP50,ftp://ftp-trace.ncbi.nlm.nih.gov/sra/sra-instant/reads/ByExp/sra/SRX/SRX172/SRX172974/SRR531465/SRR531465.sra,TCGTATGCCGTCTTCTGCTTG,"Wilbert ML, et al. Mol Cell 2012",LIN28A,Human,GSE39872,HITS-CLIP,LIN28-V5 293,-
CLIP51,ftp://ftp-trace.ncbi.nlm.nih.gov/sra/sra-instant/reads/ByExp/sra/SRX/SRX208/SRX208351/SRR628450/SRR628450.sra|ftp://ftp-trace.ncbi.nlm.nih.gov/sra/sra-instant/reads/ByExp/sra/SRX/SRX208/SRX208351/SRR628447/SRR628447.sra|ftp://ftp-trace.ncbi.nlm.nih.gov/sra/sra-instant/reads/ByExp/sra/SRX/SRX208/SRX208351/SRR628448/SRR628448.sra|ftp://ftp-trace.ncbi.nlm.nih.gov/sra/sra-instant/reads/ByExp/sra/SRX/SRX208/SRX208351/SRR628449/SRR628449.sra,?,"Xue Y, et al. Cell 2013",AGO2,Human,GSE42701,HITS-CLIP,Hela,control shRNA
CLIP52,ftp://ftp-trace.ncbi.nlm.nih.gov/sra/sra-instant/reads/ByExp/sra/SRX/SRX208/SRX208350/SRR628446/SRR628446.sra,?,"Xue Y, et al. Cell 2013",PTB,Human,GSE42701,HITS-CLIP,Hela,-
CLIP53,ftp://ftp.sra.ebi.ac.uk/vol1/fastq/ERR196/ERR196176/ERR196176.fastq.gz|ftp://ftp.sra.ebi.ac.uk/vol1/fastq/ERR196/ERR196178/ERR196178.fastq.gz|ftp://ftp.sra.ebi.ac.uk/vol1/fastq/ERR196/ERR196185/ERR196185.fastq.gz|ftp://ftp.sra.ebi.ac.uk/vol1/fastq/ERR196/ERR196187/ERR196187.fastq.gz|ftp://ftp.sra.ebi.ac.uk/vol1/fastq/ERR196/ERR196188/ERR196188.fastq.gz|ftp://ftp.sra.ebi.ac.uk/vol1/fastq/ERR196/ERR196177/ERR196177.fastq.gz|ftp://ftp.sra.ebi.ac.uk/vol1/fastq/ERR196/ERR196182/ERR196182.fastq.gz|ftp://ftp.sra.ebi.ac.uk/vol1/fastq/ERR196/ERR196189/ERR196189.fastq.gz|ftp://ftp.sra.ebi.ac.uk/vol1/fastq/ERR196/ERR196181/ERR196181.fastq.gz|ftp://ftp.sra.ebi.ac.uk/vol1/fastq/ERR196/ERR196179/ERR196179.fastq.gz|ftp://ftp.sra.ebi.ac.uk/vol1/fastq/ERR196/ERR196186/ERR196186.fastq.gz|ftp://ftp.sra.ebi.ac.uk/vol1/fastq/ERR196/ERR196174/ERR196174.fastq.gz|ftp://ftp.sra.ebi.ac.uk/vol1/fastq/ERR196/ERR196175/ERR196175.fastq.gz,?,"Zarnack K, et al. Cell 2013",HNRNPC,Human,E-MTAB-1371,iCLIP,Hela,untreated
CLIP54,ftp://ftp.sra.ebi.ac.uk/vol1/fastq/ERR196/ERR196183/ERR196183.fastq.gz|ftp://ftp.sra.ebi.ac.uk/vol1/fastq/ERR196/ERR196190/ERR196190.fastq.gz,?,"Zarnack K, et al. Cell 2013",U2AF65,Human,E-MTAB-1371,iCLIP,Hela,control siRNA
CLIP55,ftp://ftp-trace.ncbi.nlm.nih.gov/sra/sra-instant/reads/ByExp/sra/SRX/SRX306/SRX306345/SRR901494/SRR901494.sra|ftp://ftp-trace.ncbi.nlm.nih.gov/sra/sra-instant/reads/ByExp/sra/SRX/SRX306/SRX306346/SRR901495/SRR901495.sra,?,"Z??nd D, et al. Nat Struct Mol Biol 2013",UPF1,Human,GSE47976,iCLIP,Hela,rep1-2
CLIP56,ftp://ftp-trace.ncbi.nlm.nih.gov/sra/sra-instant/reads/ByExp/sra/SRX/SRX672/SRX672089/SRR1539122/SRR1539122.sra|ftp://ftp-trace.ncbi.nlm.nih.gov/sra/sra-instant/reads/ByExp/sra/SRX/SRX672/SRX672090/SRR1539123/SRR1539123.sra|ftp://ftp-trace.ncbi.nlm.nih.gov/sra/sra-instant/reads/ByExp/sra/SRX/SRX672/SRX672091/SRR1539124/SRR1539124.sra,?,Claudio Alarcon,METTL3,Human,GSE60212,HITS-CLIP,Hela,rep1-3
CLIP57,ftp://ftp-trace.ncbi.nlm.nih.gov/sra/sra-instant/reads/ByStudy/sra/SRP/SRP023/SRP023351/SRR869677/SRR869677.sra,?,Top3? is an RNA topoisomerase that works with Fragile X syndrome protein to promote synapse formation,TOP3B,Human,GSE47502,HITS-CLIP,Hela,
CLIP58,ftp://ftp-trace.ncbi.nlm.nih.gov/sra/sra-instant/reads/ByExp/sra/SRX/SRX309/SRX309719/SRR907699/SRR907699.sra|ftp://ftp-trace.ncbi.nlm.nih.gov/sra/sra-instant/reads/ByExp/sra/SRX/SRX309/SRX309720/SRR907700/SRR907700.sra,?,Regulation of FAS Exon Definition and Apoptosis by the Ewing Sarcoma Protein,EWS,Human,GSE48065,HITS-CLIP,Hela,rep1-2
CLIP59,ftp://ftp-trace.ncbi.nlm.nih.gov/sra/sra-instant/reads/ByStudy/sra/SRP/SRP037/SRP037573/SRR1167687/SRR1167687.sra,?,HITS-CLIP analysis of Yb binding sites in Drosophila ovary cell line,Yb,Drosophila,GSE54875,HITS-CLIP,ovary cell line,
CLIP60,ftp://ftp-trace.ncbi.nlm.nih.gov/sra/sra-instant/reads/ByExp/sra/SRX/SRX332/SRX332669/SRR949131/SRR949131.sra|ftp://ftp-trace.ncbi.nlm.nih.gov/sra/sra-instant/reads/ByExp/sra/SRX/SRX332/SRX332668/SRR949130/SRR949130.sra,?,Metastasis-suppressor transcript destabilization through TARBP2 binding of mRNA hairpins,TARBP2,Human,GSE49648,HITS-CLIP,MDA-LM2,rep1-2
CLIP61,ftp://ftp-trace.ncbi.nlm.nih.gov/sra/sra-instant/reads/ByExp/sra/SRX/SRX682/SRX682652/SRR1553149/SRR1553149.sra|ftp://ftp-trace.ncbi.nlm.nih.gov/sra/sra-instant/reads/ByExp/sra/SRX/SRX682/SRX682653/SRR1553150/SRR1553150.sra|ftp://ftp-trace.ncbi.nlm.nih.gov/sra/sra-instant/reads/ByExp/sra/SRX/SRX682/SRX682654/SRR1553151/SRR1553151.sra,?,Loss of MBNL Leads to Disruption of Developmentally Regulated Alternative Polyadenylation in RNA-Mediated Disease,MBNL1,Mouse,GSE60487,HITS-CLIP,Mouse embryonic Fibroblasts ,rep1-3
CLIP62,ftp://ftp-trace.ncbi.nlm.nih.gov/sra/sra-instant/reads/ByExp/sra/SRX/SRX682/SRX682655/SRR1553152/SRR1553152.sra|ftp://ftp-trace.ncbi.nlm.nih.gov/sra/sra-instant/reads/ByExp/sra/SRX/SRX682/SRX682656/SRR1553153/SRR1553153.sra|ftp://ftp-trace.ncbi.nlm.nih.gov/sra/sra-instant/reads/ByExp/sra/SRX/SRX682/SRX682657/SRR1553154/SRR1553154.sra,?,Loss of MBNL Leads to Disruption of Developmentally Regulated Alternative Polyadenylation in RNA-Mediated Disease,MBNL2,Mouse,GSE60487,HITS-CLIP,Mouse embryonic Fibroblasts ,rep1-3
CLIP63,ftp://ftp-trace.ncbi.nlm.nih.gov/sra/sra-instant/reads/ByExp/sra/SRX/SRX682/SRX682658/SRR1553155/SRR1553155.sra|ftp://ftp-trace.ncbi.nlm.nih.gov/sra/sra-instant/reads/ByExp/sra/SRX/SRX682/SRX682659/SRR1553156/SRR1553156.sra|ftp://ftp-trace.ncbi.nlm.nih.gov/sra/sra-instant/reads/ByExp/sra/SRX/SRX682/SRX682660/SRR1553157/SRR1553157.sra,?,Loss of MBNL Leads to Disruption of Developmentally Regulated Alternative Polyadenylation in RNA-Mediated Disease,MBNL3,Mouse,GSE60487,HITS-CLIP,Mouse embryonic Fibroblasts ,rep1-3
CLIP64,ftp://ftp-trace.ncbi.nlm.nih.gov/sra/sra-instant/reads/ByExp/sra/SRX/SRX682/SRX682665/SRR1553162/SRR1553162.sra|ftp://ftp-trace.ncbi.nlm.nih.gov/sra/sra-instant/reads/ByExp/sra/SRX/SRX682/SRX682664/SRR1553161/SRR1553161.sra,?,Loss of MBNL Leads to Disruption of Developmentally Regulated Alternative Polyadenylation in RNA-Mediated Disease,CPSF6,Mouse,GSE60487,HITS-CLIP,Mouse embryonic Fibroblasts ,rep1-2
CLIP65,ftp://ftp-trace.ncbi.nlm.nih.gov/sra/sra-instant/reads/ByExp/sra/SRX/SRX726/SRX726507/SRR1604884/SRR1604884.sra|ftp://ftp-trace.ncbi.nlm.nih.gov/sra/sra-instant/reads/ByExp/sra/SRX/SRX726/SRX726506/SRR1604883/SRR1604883.sra,?,Musashi-2 HITS-CLIP sequencing in K562 cells,MSI2,Human,GSE62115,HITS-CLIP,K562,rep1-2
CLIP66,ftp://ftp-trace.ncbi.nlm.nih.gov/sra/sra-instant/reads/ByExp/sra/SRX/SRX218/SRX218956/SRR651722/SRR651722.sra|ftp://ftp-trace.ncbi.nlm.nih.gov/sra/sra-instant/reads/ByExp/sra/SRX/SRX218/SRX218957/SRR651723/SRR651723.sra,TGGAATTCTCGGGTGCCAAGG,Insights into snoRNA biogenesis and processing from PAR-CLIP of snoRNA core proteins and small RNA sequencing,NOP58,Human,GSE43666,PAR-CLIP,HEK293,repA-B
CLIP67,ftp://ftp-trace.ncbi.nlm.nih.gov/sra/sra-instant/reads/ByExp/sra/SRX/SRX218/SRX218958/SRR651724/SRR651724.sra,TGGAATTCTCGGGTGCCAAGG,Insights into snoRNA biogenesis and processing from PAR-CLIP of snoRNA core proteins and small RNA sequencing,NOP56,Human,GSE43666,PAR-CLIP,HEK293,
CLIP133,ftp://ftp-trace.ncbi.nlm.nih.gov/sra/sra-instant/reads/ByExp/sra/SRX/SRX218/SRX218959/SRR651725/SRR651725.sra|ftp://ftp-trace.ncbi.nlm.nih.gov/sra/sra-instant/reads/ByExp/sra/SRX/SRX218/SRX218960/SRR651726/SRR651726.sra,TGGAATTCTCGGGTGCCAAGG,Insights into snoRNA biogenesis and processing from PAR-CLIP of snoRNA core proteins and small RNA sequencing,FBL,Human,GSE43666,PAR-CLIP,HEK293,both
CLIP68,ftp://ftp-trace.ncbi.nlm.nih.gov/sra/sra-instant/reads/ByExp/sra/SRX/SRX218/SRX218961/SRR651727/SRR651727.sra,TGGAATTCTCGGGTGCCAAGG,Insights into snoRNA biogenesis and processing from PAR-CLIP of snoRNA core proteins and small RNA sequencing,DCK1,Human,GSE43666,PAR-CLIP,HEK293,
CLIP69,ftp://ftp-trace.ncbi.nlm.nih.gov/sra/sra-instant/reads/ByExp/sra/SRX/SRX220/SRX220098/SRR653238/SRR653238.sra|ftp://ftp-trace.ncbi.nlm.nih.gov/sra/sra-instant/reads/ByExp/sra/SRX/SRX220/SRX220097/SRR653237/SRR653237.sra|ftp://ftp-trace.ncbi.nlm.nih.gov/sra/sra-instant/reads/ByExp/sra/SRX/SRX220/SRX220096/SRR653236/SRR653236.sra|ftp://ftp-trace.ncbi.nlm.nih.gov/sra/sra-instant/reads/ByExp/sra/SRX/SRX220/SRX220095/SRR653235/SRR653235.sra,GATCTCGTATGCCGTCTTCTGCTTG,Enrichment of processed pseudogene transcripts in L1-ribonucleoprotein particles,ORF1P,Human,GSE43801,PAR-CLIP,HEK293T,all
CLIP70,ftp://ftp-trace.ncbi.nlm.nih.gov/sra/sra-instant/reads/ByExp/sra/SRX/SRX220/SRX220099/SRR653239/SRR653239.sra,GATCTCGTATGCCGTCTTCTGCTTG,Enrichment of processed pseudogene transcripts in L1-ribonucleoprotein particles,HUR,Human,GSE43801,PAR-CLIP,HEK293T,
CLIP71,ftp://ftp-trace.ncbi.nlm.nih.gov/sra/sra-instant/reads/ByExp/sra/SRX/SRX275/SRX275754/SRR847346/SRR847346.sra|ftp://ftp-trace.ncbi.nlm.nih.gov/sra/sra-instant/reads/ByExp/sra/SRX/SRX275/SRX275755/SRR847347/SRR847347.sra|ftp://ftp-trace.ncbi.nlm.nih.gov/sra/sra-instant/reads/ByExp/sra/SRX/SRX275/SRX275760/SRR847352/SRR847352.sra|ftp://ftp-trace.ncbi.nlm.nih.gov/sra/sra-instant/reads/ByExp/sra/SRX/SRX275/SRX275761/SRR847353/SRR847353.sra,?,Identification and Characterization of the Mammalian Nuclear RNA N6-Adenosine Methyltransferase Core Complex,METTL3,Human,GSE46705,PAR-CLIP,Hela,rep1-4
CLIP72,ftp://ftp-trace.ncbi.nlm.nih.gov/sra/sra-instant/reads/ByExp/sra/SRX/SRX275/SRX275756/SRR847348/SRR847348.sra|ftp://ftp-trace.ncbi.nlm.nih.gov/sra/sra-instant/reads/ByExp/sra/SRX/SRX275/SRX275757/SRR847349/SRR847349.sra|ftp://ftp-trace.ncbi.nlm.nih.gov/sra/sra-instant/reads/ByExp/sra/SRX/SRX275/SRX275762/SRR847354/SRR847354.sra|ftp://ftp-trace.ncbi.nlm.nih.gov/sra/sra-instant/reads/ByExp/sra/SRX/SRX275/SRX275763/SRR847355/SRR847355.sra,?,Identification and Characterization of the Mammalian Nuclear RNA N6-Adenosine Methyltransferase Core Complex,METTL14,Human,GSE46705,PAR-CLIP,Hela,rep1-4
CLIP73,ftp://ftp-trace.ncbi.nlm.nih.gov/sra/sra-instant/reads/ByExp/sra/SRX/SRX275/SRX275765/SRR847357/SRR847357.sra|ftp://ftp-trace.ncbi.nlm.nih.gov/sra/sra-instant/reads/ByExp/sra/SRX/SRX275/SRX275758/SRR847350/SRR847350.sra|ftp://ftp-trace.ncbi.nlm.nih.gov/sra/sra-instant/reads/ByExp/sra/SRX/SRX275/SRX275759/SRR847351/SRR847351.sra|ftp://ftp-trace.ncbi.nlm.nih.gov/sra/sra-instant/reads/ByExp/sra/SRX/SRX275/SRX275764/SRR847356/SRR847356.sra,?,Identification and Characterization of the Mammalian Nuclear RNA N6-Adenosine Methyltransferase Core Complex,WTAP,Human,GSE46705,PAR-CLIP,Hela,rep1-4
CLIP74,ftp://ftp-trace.ncbi.nlm.nih.gov/sra/sra-instant/reads/ByExp/sra/SRX/SRX329/SRX329052/SRR944646/SRR944646.sra|ftp://ftp-trace.ncbi.nlm.nih.gov/sra/sra-instant/reads/ByExp/sra/SRX/SRX329/SRX329053/SRR944647/SRR944647.sra|ftp://ftp-trace.ncbi.nlm.nih.gov/sra/sra-instant/reads/ByExp/sra/SRX/SRX329/SRX329054/SRR944648/SRR944648.sra,?,m6A-dependent regulation of messenger RNA stability,YTHDF2,Human,GSE49339,PAR-CLIP,Hela,rep1-3
CLIP75,ftp://ftp-trace.ncbi.nlm.nih.gov/sra/sra-instant/reads/ByExp/sra/SRX/SRX389/SRX389689/SRR1046759/SRR1046759.sra,TCGTATGCCGTCTTCTGCTTG,Global Target mRNA Specification and Regulation by RNA-Binding Protein ZFP36/Tristetraprolin/TTP,ZFP36,Human,GSE53184,PAR-CLIP,HEK293,
CLIP76,ftp://ftp-trace.ncbi.nlm.nih.gov/sra/sra-instant/reads/ByExp/sra/SRX/SRX317/SRX317614/SRR925601/SRR925601.sra|ftp://ftp-trace.ncbi.nlm.nih.gov/sra/sra-instant/reads/ByExp/sra/SRX/SRX317/SRX317615/SRR925602/SRR925602.sra,TTGATATAAATAGTGCCCATGGATC,PAR-CLIP for JARID2 in mouse embryonic stem cells,JARID2,Mouse,GSE48517,PAR-CLIP,E14 embyonic stem cells,no limited Rnase treatment
CLIP77,ftp://ftp-trace.ncbi.nlm.nih.gov/sra/sra-instant/reads/ByExp/sra/SRX/SRX397/SRX397058/SRR1056280/SRR1056280.sra|ftp://ftp-trace.ncbi.nlm.nih.gov/sra/sra-instant/reads/ByExp/sra/SRX/SRX397/SRX397059/SRR1056281/SRR1056281.sra|ftp://ftp-trace.ncbi.nlm.nih.gov/sra/sra-instant/reads/ByExp/sra/SRX/SRX397/SRX397060/SRR1056282/SRR1056282.sra,?,PAR-CLIP-seq reveals RNAs directly interacting with CTCF in human transformed cell line U2OS,CTCF,Human,GSE53554,PAR-CLIP,U2OS,all 3
CLIP78,ftp://ftp-trace.ncbi.nlm.nih.gov/sra/sra-instant/reads/ByExp/sra/SRX/SRX314/SRX314717/SRR921442/SRR921442.sra|ftp://ftp-trace.ncbi.nlm.nih.gov/sra/sra-instant/reads/ByExp/sra/SRX/SRX314/SRX314717/SRR921441/SRR921441.sra,GTTCAGAGTTCTACAGTCCGACGATC|TCTCCCATCGTATGCCGTCTTCTGCTTG,MOV10 is a 5' to 3' RNA Helicase Contributing to UPF1 mRNA Target Degradation by Translocation Along 3' UTRs,MOV10,Human,GSE48245,PAR-CLIP,HEK293,wt
CLIP79,ftp://ftp-trace.ncbi.nlm.nih.gov/sra/sra-instant/reads/ByExp/sra/SRX/SRX314/SRX314720/SRR921448/SRR921448.sra|ftp://ftp-trace.ncbi.nlm.nih.gov/sra/sra-instant/reads/ByExp/sra/SRX/SRX314/SRX314720/SRR921447/SRR921447.sra,GTTCAGAGTTCTACAGTCCGACGATC|TCTCCCATCGTATGCCGTCTTCTGCTTG,MOV10 is a 5' to 3' RNA Helicase Contributing to UPF1 mRNA Target Degradation by Translocation Along 3' UTRs,UPF1,Human,GSE48245,PAR-CLIP,HEK293,
CLIP103,ftp://ftp-trace.ncbi.nlm.nih.gov/sra/sra-instant/reads/ByExp/sra/SRX/SRX587/SRX587731/SRR1373361/SRR1373361.sra|ftp://ftp-trace.ncbi.nlm.nih.gov/sra/sra-instant/reads/ByExp/sra/SRX/SRX587/SRX587730/SRR1373360/SRR1373360.sra,?,Structural basis of YTH domain as m6A reader,YTHDC1,Human,GSE58352,PAR-CLIP,Hela,
CLIP104,ftp://ftp-trace.ncbi.nlm.nih.gov/sra/sra-instant/reads/ByExp/sra/SRX/SRX693/SRX693392/SRR1566437/SRR1566437.sra,?,Reconstitution of CPSF active in polyadenylation: Recognition of the polyadenylation signal by WDR33,WDR33,Human,GSE61123,PAR-CLIP,HEK293,
CLIP105,ftp://ftp-trace.ncbi.nlm.nih.gov/sra/sra-instant/reads/ByExp/sra/SRX/SRX386/SRX386950/SRR1042839/SRR1042839.sra|ftp://ftp-trace.ncbi.nlm.nih.gov/sra/sra-instant/reads/ByExp/sra/SRX/SRX386/SRX386951/SRR1042840/SRR1042840.sra|ftp://ftp-trace.ncbi.nlm.nih.gov/sra/sra-instant/reads/ByExp/sra/SRX/SRX386/SRX386952/SRR1042841/SRR1042841.sra|ftp://ftp-trace.ncbi.nlm.nih.gov/sra/sra-instant/reads/ByExp/sra/SRX/SRX386/SRX386953/SRR1042842/SRR1042842.sra,?,Integrative AUF1 PAR-CLIP analysis uncovers AUF1 roles in translation and genome integrity,AUF1,Human,GSE52971,PAR-CLIP,HEK293,all combined
CLIP106,ftp://ftp-trace.ncbi.nlm.nih.gov/sra/sra-instant/reads/ByExp/sra/SRX/SRX702/SRX702849/SRR1577126/SRR1577126.sra,?,293T cells transfected with HIV-1 proviral plasmids,GAG,Human,GSE61508,PAR-CLIP,HEK293T,cells
CLIP107,ftp://ftp-trace.ncbi.nlm.nih.gov/sra/sra-instant/reads/ByExp/sra/SRX/SRX763/SRX763657/SRR1657190/SRR1657190.sra|ftp://ftp-trace.ncbi.nlm.nih.gov/sra/sra-instant/reads/ByExp/sra/SRX/SRX763/SRX763656/SRR1657189/SRR1657189.sra,?,A variety of Dicer substrates in human and C. elegans,TRBP,Human,GSE63437,PAR-CLIP,HEK293,rep1-2
CLIP108,ftp://ftp-trace.ncbi.nlm.nih.gov/sra/sra-instant/reads/ByExp/sra/SRX/SRX763/SRX763658/SRR1657191/SRR1657191.sra|ftp://ftp-trace.ncbi.nlm.nih.gov/sra/sra-instant/reads/ByExp/sra/SRX/SRX763/SRX763659/SRR1657192/SRR1657192.sra,?,A variety of Dicer substrates in human and C. elegans,PACT,Human,GSE63437,PAR-CLIP,HEK293,rep1-2
CLIP109,ftp://ftp-trace.ncbi.nlm.nih.gov/sra/sra-instant/reads/ByExp/sra/SRX/SRX495/SRX495329/SRR1198834/SRR1198834.sra|ftp://ftp-trace.ncbi.nlm.nih.gov/sra/sra-instant/reads/ByExp/sra/SRX/SRX495/SRX495330/SRR1198835/SRR1198835.sra,?,Widespread N6-methyladenosine-dependent RNA Structural Switches Regulate RNA-Protein Interactions,HNRNPC,Human,GSE56010,PAR-CLIP,HEK293T,PAR-CLIP-Control-rep1-2
CLIP110,ftp://ftp-trace.ncbi.nlm.nih.gov/sra/sra-instant/reads/ByExp/sra/SRX/SRX360/SRX360418/SRR1002953/SRR1002953.sra,?,Overlapping and distinct functions of CstF64 and CstF64? in mammalian mRNA 3’ processing,CSTF2T,Human,GSE51156,iCLIP,Hela,
CLIP111,ftp://ftp-trace.ncbi.nlm.nih.gov/sra/sra-instant/reads/ByExp/sra/SRX/SRX144/SRX144297/SRR490914/SRR490914.sra|ftp://ftp-trace.ncbi.nlm.nih.gov/sra/sra-instant/reads/ByExp/sra/SRX/SRX144/SRX144295/SRR490912/SRR490912.sra|ftp://ftp-trace.ncbi.nlm.nih.gov/sra/sra-instant/reads/ByExp/sra/SRX/SRX144/SRX144296/SRR490913/SRR490913.sra,?,Individual-nucleotide resolution CLIP and high-throughput sequencing to map hnRNP L-RNA interactions in HeLa cells,HNRNPL,Human,GSE37560,iCLIP,Hela,rep1-3
CLIP112,ftp://ftp-trace.ncbi.nlm.nih.gov/sra/sra-instant/reads/ByExp/sra/SRX/SRX467/SRX467563/SRR1165128/SRR1165128.sra,AGATCGGAAGAGCGGTTCAGCAGGAATGCCGAGACCG,Rbfox2 controls autoregulation in RNA binding protein networks,RBFOX2,Mouse,GSE54794,iCLIP,embryonic stem cells,tagged
CLIP113,ftp://ftp-trace.ncbi.nlm.nih.gov/sra/sra-instant/reads/ByExp/sra/SRX/SRX651/SRX651014/SRR1513335/SRR1513335.sra|ftp://ftp-trace.ncbi.nlm.nih.gov/sra/sra-instant/reads/ByExp/sra/SRX/SRX651/SRX651015/SRR1513336/SRR1513336.sra|ftp://ftp-trace.ncbi.nlm.nih.gov/sra/sra-instant/reads/ByExp/sra/SRX/SRX651/SRX651016/SRR1513337/SRR1513337.sra,?,Investigation into human Tra2 protein-dependent splicing in MDA-MB-231 cells using iCLIP and RNA-seq,TRA2B,Human,GSE59335,iCLIP,MDA-MB-231,
CLIP114,ftp://ftp-trace.ncbi.nlm.nih.gov/sra/sra-instant/reads/ByExp/sra/SRX/SRX532/SRX532484/SRR1269756/SRR1269756.sra|ftp://ftp-trace.ncbi.nlm.nih.gov/sra/sra-instant/reads/ByExp/sra/SRX/SRX532/SRX532485/SRR1269757/SRR1269757.sra|ftp://ftp-trace.ncbi.nlm.nih.gov/sra/sra-instant/reads/ByExp/sra/SRX/SRX532/SRX532486/SRR1269758/SRR1269758.sra|ftp://ftp-trace.ncbi.nlm.nih.gov/sra/sra-instant/reads/ByExp/sra/SRX/SRX685/SRX685775/SRR1556937/SRR1556937.sra,?,A global regulatory mechanism for activating an exon network required for neurogenesis,SRRM4,Human,GSE57278,iCLIP,HEK293T,dox inducible
CLIP115,ftp://ftp-trace.ncbi.nlm.nih.gov/sra/sra-instant/reads/ByExp/sra/SRX/SRX532/SRX532487/SRR1269759/SRR1269759.sra|ftp://ftp-trace.ncbi.nlm.nih.gov/sra/sra-instant/reads/ByExp/sra/SRX/SRX685/SRX685774/SRR1556936/SRR1556936.sra,?,A global regulatory mechanism for activating an exon network required for neurogenesis,PTBP1,Human,GSE57278,iCLIP,HEK293T,PAR-iCLIP+iCLIP with nSR100
CLIP116,ftp://ftp-trace.ncbi.nlm.nih.gov/sra/sra-instant/reads/ByExp/sra/SRX/SRX532/SRX532488/SRR1269760/SRR1269760.sra,?,A global regulatory mechanism for activating an exon network required for neurogenesis,U2AF65,Mouse,GSE57278,iCLIP,N2A,Ctrl-KD
CLIP134,ftp://ftp-trace.ncbi.nlm.nih.gov/sra/sra-instant/reads/ByExp/sra/SRX/SRX685/SRX685770/SRR1556932/SRR1556932.sra|ftp://ftp-trace.ncbi.nlm.nih.gov/sra/sra-instant/reads/ByExp/sra/SRX/SRX685/SRX685771/SRR1556933/SRR1556933.sra|ftp://ftp-trace.ncbi.nlm.nih.gov/sra/sra-instant/reads/ByExp/sra/SRX/SRX685/SRX685772/SRR1556934/SRR1556934.sra,?,A global regulatory mechanism for activating an exon network required for neurogenesis,SRRM4,Mouse,GSE57278,iCLIP,N2A,rep1-2+iCLIP
CLIP117,ftp://ftp-trace.ncbi.nlm.nih.gov/sra/sra-instant/reads/ByExp/sra/SRX%2FSRX595%2FSRX595699/SRR1390681/SRR1390681.sra|ftp://ftp-trace.ncbi.nlm.nih.gov/sra/sra-instant/reads/ByExp/sra/SRX%2FSRX595%2FSRX595700/SRR1390682/SRR1390682.sra|ftp://ftp-trace.ncbi.nlm.nih.gov/sra/sra-instant/reads/ByExp/sra/SRX%2FSRX595%2FSRX595698/SRR1390680/SRR1390680.sra|ftp://ftp-trace.ncbi.nlm.nih.gov/sra/sra-instant/reads/ByExp/sra/SRX%2FSRX595%2FSRX595697/SRR1390679/SRR1390679.sra|ftp://ftp-trace.ncbi.nlm.nih.gov/sra/sra-instant/reads/ByExp/sra/SRX%2FSRX595%2FSRX595696/SRR1390678/SRR1390678.sra,?,iCLIP mapping of coilin-RNA interactions in HeLa and P19 cells,COIL,Mouse,GSE58448,iCLIP,P19,rep1-5
CLIP118,ftp://ftp-trace.ncbi.nlm.nih.gov/sra/sra-instant/reads/ByExp/sra/SRX/SRX595/SRX595702/SRR1390684/SRR1390684.sra|ftp://ftp-trace.ncbi.nlm.nih.gov/sra/sra-instant/reads/ByExp/sra/SRX/SRX595/SRX595701/SRR1390683/SRR1390683.sra,?,iCLIP mapping of coilin-RNA interactions in HeLa and P19 cells,COIL,Human,GSE58448,iCLIP,Hela,rep1-2
CLIP119,ftp://ftp-trace.ncbi.nlm.nih.gov/sra/sra-instant/reads/ByExp/sra/SRX/SRX699/SRX699613/SRR1573590/SRR1573590.sra,?,"Endogenous miRNA and target concentrations determine susceptibility to potential ceRNA competition, based on hierarchical binding affinities (iCLIP)",AGO2,Mouse,GSE61347,iCLIP,embryonic stem cells,tagged
CLIP120,ftp://ftp-trace.ncbi.nlm.nih.gov/sra/sra-instant/reads/ByExp/sra/SRX/SRX952/SRX952175/SRR1910481/SRR1910481.sra|ftp://ftp-trace.ncbi.nlm.nih.gov/sra/sra-instant/reads/ByExp/sra/SRX/SRX952/SRX952174/SRR1910480/SRR1910480.sra,?,RNA helicase DDX21 coordinates transcription and noncoding RNA processing of the ribosomal pathway,DDX21,Human,GSE56802,iCLIP,HEK293,rep1-2
CLIP121,ftp://ftp-trace.ncbi.nlm.nih.gov/sra/sra-instant/reads/ByExp/sra/SRX/SRX663/SRX663479/SRR1528888/SRR1528888.sra|ftp://ftp-trace.ncbi.nlm.nih.gov/sra/sra-instant/reads/ByExp/sra/SRX/SRX663/SRX663479/SRR1528887/SRR1528887.sra,?,Dissecting non-coding and pathogen RNA-protein interactomes,PCBP2,Human,GSE59840,iCLIP,HUH7,uninfected
CLIP122,ftp://ftp-trace.ncbi.nlm.nih.gov/sra/sra-instant/reads/ByExp/sra/SRX/SRX765/SRX765634/SRR1659969/SRR1659969.sra|ftp://ftp-trace.ncbi.nlm.nih.gov/sra/sra-instant/reads/ByExp/sra/SRX/SRX765/SRX765635/SRR1659971/SRR1659971.sra|ftp://ftp-trace.ncbi.nlm.nih.gov/sra/sra-instant/reads/ByExp/sra/SRX/SRX765/SRX765635/SRR1659970/SRR1659970.sra,TGAGATCGGAAGAGCGGTTCAGC,iCLIP seq reveals distribution of genome-wide SR protein-RNA binding,B52,Drosophila,GSE63262,iCLIP,S2,rep1-2
CLIP123,ftp://ftp-trace.ncbi.nlm.nih.gov/sra/sra-instant/reads/ByExp/sra/SRX/SRX765/SRX765637/SRR1659976/SRR1659976.sra|ftp://ftp-trace.ncbi.nlm.nih.gov/sra/sra-instant/reads/ByExp/sra/SRX/SRX765/SRX765637/SRR1659975/SRR1659975.sra|ftp://ftp-trace.ncbi.nlm.nih.gov/sra/sra-instant/reads/ByExp/sra/SRX/SRX765/SRX765637/SRR1659977/SRR1659977.sra|ftp://ftp-trace.ncbi.nlm.nih.gov/sra/sra-instant/reads/ByExp/sra/SRX/SRX765/SRX765636/SRR1659973/SRR1659973.sra|ftp://ftp-trace.ncbi.nlm.nih.gov/sra/sra-instant/reads/ByExp/sra/SRX/SRX765/SRX765636/SRR1659972/SRR1659972.sra|ftp://ftp-trace.ncbi.nlm.nih.gov/sra/sra-instant/reads/ByExp/sra/SRX/SRX765/SRX765636/SRR1659974/SRR1659974.sra,TGAGATCGGAAGAGCGGTTCAGC,iCLIP seq reveals distribution of genome-wide SR protein-RNA binding,RBP1,Drosophila,GSE63262,iCLIP,S2,rep1-2
CLIP124,ftp://ftp-trace.ncbi.nlm.nih.gov/sra/sra-instant/reads/ByExp/sra/SRX/SRX765/SRX765640/SRR1659985/SRR1659985.sra|ftp://ftp-trace.ncbi.nlm.nih.gov/sra/sra-instant/reads/ByExp/sra/SRX/SRX765/SRX765640/SRR1659984/SRR1659984.sra|ftp://ftp-trace.ncbi.nlm.nih.gov/sra/sra-instant/reads/ByExp/sra/SRX/SRX765/SRX765641/SRR1659987/SRR1659987.sra|ftp://ftp-trace.ncbi.nlm.nih.gov/sra/sra-instant/reads/ByExp/sra/SRX/SRX765/SRX765641/SRR1659986/SRR1659986.sra,TGAGATCGGAAGAGCGGTTCAGC,iCLIP seq reveals distribution of genome-wide SR protein-RNA binding,RSF1,Drosophila,GSE63262,iCLIP,S2,rep1-2
CLIP125,ftp://ftp-trace.ncbi.nlm.nih.gov/sra/sra-instant/reads/ByExp/sra/SRX/SRX765/SRX765642/SRR1659989/SRR1659989.sra|ftp://ftp-trace.ncbi.nlm.nih.gov/sra/sra-instant/reads/ByExp/sra/SRX/SRX765/SRX765642/SRR1659988/SRR1659988.sra|ftp://ftp-trace.ncbi.nlm.nih.gov/sra/sra-instant/reads/ByExp/sra/SRX/SRX765/SRX765643/SRR1659992/SRR1659992.sra|ftp://ftp-trace.ncbi.nlm.nih.gov/sra/sra-instant/reads/ByExp/sra/SRX/SRX765/SRX765643/SRR1659990/SRR1659990.sra|ftp://ftp-trace.ncbi.nlm.nih.gov/sra/sra-instant/reads/ByExp/sra/SRX/SRX765/SRX765643/SRR1659991/SRR1659991.sra,TGAGATCGGAAGAGCGGTTCAGC,iCLIP seq reveals distribution of genome-wide SR protein-RNA binding,SC35,Drosophila,GSE63262,iCLIP,S2,rep1-2
CLIP126,ftp://ftp-trace.ncbi.nlm.nih.gov/sra/sra-instant/reads/ByExp/sra/SRX/SRX765/SRX765644/SRR1659995/SRR1659995.sra|ftp://ftp-trace.ncbi.nlm.nih.gov/sra/sra-instant/reads/ByExp/sra/SRX/SRX765/SRX765644/SRR1659993/SRR1659993.sra|ftp://ftp-trace.ncbi.nlm.nih.gov/sra/sra-instant/reads/ByExp/sra/SRX/SRX765/SRX765644/SRR1659994/SRR1659994.sra|ftp://ftp-trace.ncbi.nlm.nih.gov/sra/sra-instant/reads/ByExp/sra/SRX/SRX765/SRX765645/SRR1659998/SRR1659998.sra|ftp://ftp-trace.ncbi.nlm.nih.gov/sra/sra-instant/reads/ByExp/sra/SRX/SRX765/SRX765645/SRR1659996/SRR1659996.sra|ftp://ftp-trace.ncbi.nlm.nih.gov/sra/sra-instant/reads/ByExp/sra/SRX/SRX765/SRX765645/SRR1659997/SRR1659997.sra,TGAGATCGGAAGAGCGGTTCAGC,iCLIP seq reveals distribution of genome-wide SR protein-RNA binding,SF2,Drosophila,GSE63262,iCLIP,S2,rep1-2
CLIP127,ftp://ftp-trace.ncbi.nlm.nih.gov/sra/sra-instant/reads/ByExp/sra/SRX/SRX765/SRX765646/SRR1660000/SRR1660000.sra|ftp://ftp-trace.ncbi.nlm.nih.gov/sra/sra-instant/reads/ByExp/sra/SRX/SRX765/SRX765646/SRR1659999/SRR1659999.sra|ftp://ftp-trace.ncbi.nlm.nih.gov/sra/sra-instant/reads/ByExp/sra/SRX/SRX765/SRX765647/SRR1660002/SRR1660002.sra|ftp://ftp-trace.ncbi.nlm.nih.gov/sra/sra-instant/reads/ByExp/sra/SRX/SRX765/SRX765647/SRR1660001/SRR1660001.sra,TGAGATCGGAAGAGCGGTTCAGC,iCLIP seq reveals distribution of genome-wide SR protein-RNA binding,SRP54,Drosophila,GSE63262,iCLIP,S2,rep1-2
CLIP128,ftp://ftp-trace.ncbi.nlm.nih.gov/sra/sra-instant/reads/ByExp/sra/SRX/SRX765/SRX765649/SRR1660004/SRR1660004.sra|ftp://ftp-trace.ncbi.nlm.nih.gov/sra/sra-instant/reads/ByExp/sra/SRX/SRX765/SRX765648/SRR1660003/SRR1660003.sra,TGAGATCGGAAGAGCGGTTCAGC,iCLIP seq reveals distribution of genome-wide SR protein-RNA binding,XL6,Drosophila,GSE63262,iCLIP,S2,rep1-2
CLIP129,ftp://ftp-trace.ncbi.nlm.nih.gov/sra/sra-instant/reads/ByExp/sra/SRX/SRX793/SRX793423/SRR1688578/SRR1688578.sra|ftp://ftp-trace.ncbi.nlm.nih.gov/sra/sra-instant/reads/ByExp/sra/SRX/SRX793/SRX793424/SRR1688579/SRR1688579.sra,?,The human nuclear exosome targeting complex is loaded onto newly synthesized RNA to direct early ribonucleolysis,RBM7,Human,GSE63791,iCLIP,HeLa Kyoto,rep1-2 siRNA luciferase
CLIP130,ftp://ftp-trace.ncbi.nlm.nih.gov/sra/sra-instant/reads/ByExp/sra/SRX/SRX797/SRX797632/SRR1694878/SRR1694878.sra|ftp://ftp-trace.ncbi.nlm.nih.gov/sra/sra-instant/reads/ByExp/sra/SRX/SRX797/SRX797633/SRR1694879/SRR1694879.sra|ftp://ftp-trace.ncbi.nlm.nih.gov/sra/sra-instant/reads/ByExp/sra/SRX/SRX797/SRX797634/SRR1694880/SRR1694880.sra,?,HuR- dependent regulation of mRNA splicing is essential for the B cell antibody response ,HUR,Mouse,GSE63905,iCLIP,Splenic B cells,rep1-3
CLIP131,ftp://ftp-trace.ncbi.nlm.nih.gov/sra/sra-instant/reads/ByExp/sra/SRX/SRX810/SRX810308/SRR1713796/SRR1713796.sra|ftp://ftp-trace.ncbi.nlm.nih.gov/sra/sra-instant/reads/ByExp/sra/SRX/SRX810/SRX810309/SRR1713797/SRR1713797.sra,?,Dynamic landscape of RNA structures in vivo reveals principles of post-transcriptional regulation,HUR,Mouse,GSE64168,iCLIP,Embryonic Stem Cells,rep1-2
CLIP132,ftp://ftp-trace.ncbi.nlm.nih.gov/sra/sra-instant/reads/ByExp/sra/SRX/SRX769/SRX769964/SRR1665044/SRR1665044.sra|ftp://ftp-trace.ncbi.nlm.nih.gov/sra/sra-instant/reads/ByExp/sra/SRX/SRX769/SRX769963/SRR1665043/SRR1665043.sra,?,ADAR1 is required for differentiation and neural induction by regulating microRNA processing in a catalytically independent manner ,ADAR1,Human,GSE63709,iCLIP,H9,rep1-2 wildtype
